NOM;MOL_ID;CI;ATS5m;ATS6m;X5sol;XMOD;RDCHI;RDSQ;ATS1m;ATS2m;ATS3m;ATS4m;ATS5m;ATS6m;X5sol;XMOD;RDCHI;RDSQ;ATS1m;ATS2m;ATS3m;ATS4m;ATS5m;ATS6m;X5sol;XMOD;RDCHI;RDSQ;ATS1m;ATS2m;ATS3m;ATS4m;ATS5m;ATS6m;X5sol;XMOD;RDCHI;RDSQ;ATS1m;ATS2m;ATS3m;ATS4m;ATS5m;ATS6m;X5sol;XMOD;RDCHI;RDSQ;ATS1m;ATS2m;ATS3m;ATS4m;ATS5m;ATS6m;X5sol;XMOD;RDCHI;RDSQ;ATS1m;ATS2m;ATS3m;ATS4m;ATS5m;ATS6m;X5sol;XMOD;RDCHI;RDSQ;ATS1m;ATS2m;ATS3m;ATS4m;ATS5m;ATS6m;X5sol;XMOD;RDCHI;RDSQ;ATS1m;ATS2m;ATS3m;ATS4m;ATS5m;ATS6m;X5sol;XMOD;RDCHI;RDSQ;ATS1m;ATS2m;ATS3m;ATS4m;ATS5m;ATS6m;X5sol;XMOD;RDCHI;RDSQ;ATS1m;ATS2m;ATS3m;ATS4m;ATS5m;ATS6m;X5sol;XMOD;RDCHI;RDSQ;ATS1m;ATS2m;ATS3m;ATS4m;ATS5m;ATS6m;X5sol;XMOD;RDCHI;RDSQ;ATS1m;ATS2m;ATS3m;ATS4m;ATS5m;ATS6m;X5sol;XMOD;RDCHI;RDSQ;ATS1m;ATS2m;ATS3m;ATS4m;ATS5m;ATS6m;X5sol;XMOD;RDCHI;RDSQ;ATS1m;ATS2m;ATS3m;ATS4m;ATS5m;ATS6m;X5sol;XMOD;RDCHI;RDSQ;ATS1m;ATS2m;ATS3m;ATS4m;ATS5m;ATS6m;X5sol;XMOD;RDCHI;RDSQ;ATS1m;ATS2m;ATS3m;ATS4m;ATS5m;ATS6m;X5sol;XMOD;RDCHI;RDSQ;ATS1m;ATS2m;ATS3m;ATS4m;ATS5m;ATS6m;X5sol;XMOD;RDCHI;RDSQ;ATS1m;ATS2m;ATS3m;ATS4m;ATS5m;ATS6m;X5sol;XMOD;RDCHI;RDSQ;ATS1m;ATS2m;ATS3m;ATS4m;ATS5m;ATS6m;X5sol;XMOD;RDCHI;RDSQ;ATS1m;ATS2m;ATS3m;ATS4m;ATS5m;ATS6m;X5sol;XMOD;RDCHI;RDSQ;ATS1m;ATS2m;ATS3m;ATS4m;ATS5m;ATS6m;X5sol;XMOD;RDCHI;RDSQ;ATS1m;ATS2m;ATS3m;ATS4m;ATS5m;ATS6m;X5sol;XMOD;RDCHI;RDSQ;ATS1m;ATS2m;ATS3m;ATS4m;ATS5m;ATS6m;X5sol;XMOD;RDCHI;RDSQ;ATS1m;ATS2m;ATS3m;ATS4m;ATS5m;ATS6m;X5sol;XMOD;RDCHI;RDSQ;ATS1m;ATS2m;ATS3m;ATS4m;ATS5m;ATS6m
Abacavir ;C14H18ON6;0.47;286.38;7.34;24.06;39.24;25.06;46.17;0.62;1.01;0.64;2.2;39;21;42;24;8;29;0.25;4;5;4;95;2;0;6;18;14;6;1;0;0;0;0;0;0;0;0;1;0;2;1;0;0;1;0;0;0;0;118;275;143;298;20;16414;2066;2185;247;46;8;31;93.23;86667;241;4130;6453;4403;10414;20481;8004;910;4333;39854;72822;682152;79119;2827;6075;3023;47147;1939;11560;14117;102293;9425;733881;733951;1022.486;736258;1099.838;1433;1798;1798;1287;1792;1196;1409;3257;20377;28233;90239;13044;4967;2494;3085;924;588;0.33;185;0.1;833;393;176;8381;1351;15778;61;539;69;6;741;2529;32082;0;89386;50631;0;0;76662;0;0;0;34;46;0;0;0;0;0;0;0;0;0;0;0;0;0;0;0;0;0;0;0;0;0;0;0;0;0;0;0;0;0;0;0;0;0;0;24;4779;5659;6567;7466;8379;9285;10.2;11.11;12027;120472;21;48;6;188;60;876;434;4444;2886;23698;24;35;46;64;79;95;105;120;122;111;3401;3942;4469;5057;5526;5881;6175;6513;6.64;6754;89553;123595;1.38;34042;43204;21304;14397;10242;9432;7727;6711;5215;686;427;269;168;105;66;11659;7388;5.93;3943;2841;1803;555;308;169;86;44;23;14397;10242;9432;7727;6711;5215;64661;3415;171862;3308;3615;3586;3623;3468;3332
Acipimox;C6H5O3N2;0.25;153.13;9.57;10.42;17.01;10.52;37;0.65;1.06;0.66;3.36;16;11;16;11;8;16;545;1;1;1;63;2;0;6;5;6;2;3;0;0;0;0;0;0;0;0;0;0;0;1;0;0;0;0;0;0;0;52;238;58;196;7;6474;1.61;1801;393;26;4;14;36316;27636;294;619;1588;521;2922;10871;6683;152;2764;17061;26.5;120;0;1696;1792;337;19562;258;816;9269;35705;399;101607;101625;153011;101882;166472;2396;3602;3602;2456;3592;2267;3116;3.73;20926;20291;36054;7637;2644;1509;1835;782;591;332;135;78;1;99;52;4727;843;4.81;21;73;14;18;1.16;1868;0;0;0;34381;0;0;0;0;0;0;3;18;0;0;0;0;0;0;10;0;0;0;0;0;0;0;0;0;0;0;0;0;0;0;0;0;0;0;0;0;0;0;0;0;0;0;11;3.97;4762;5595;6415;7246;8073;8904;9732;10562;87.26;11;22;0;82;0;364;0;1746;0;8702;11;15;17;17;20;15;7;0;0;0;2833;3.45;3937;4336;4849;4808;4523;0;0;0;29935;39735;1327;9801;21235;11461;8431;5109;4772;3582;2195;1744;766;464;318;211;129;87;5744;2867;2013;1179;568;361;522;261;134;69;33;18;8431;5109;4772;3582;2195;1744;33.5;2168;56294;2631;2.95;2916;2456;2106;1299
Acyclovir ;C8H11O3N5;0.17;225.24;8.34;16.3;28.14;16.68;44.17;0.6;1.04;0.62;2.76;27;16;28;17;4;21;0;2;3;4;143;4;0;0;11;8;5;3;0;0;0;0;0;0;0;0;0;0;1;1;0;0;1;0;0;0;0;80;273;93;249;11;11038;1846;1993;301;37.5;5;22;64183;56625;0.28;1899;3843;1806;6981;16105;8087;453;3775;27458;46951;362345;19.08;2927;3367;1352;32067;936;4665;11916;63227;2325;355839;355939;622556;357412;686224;1869;2384;2383;1391;2373;1264;2146;4375;23213;23814;64;11069;4609;2.24;3189;831;564;326;183;99;0.8;239;116;7.25;1156;10656;40;266;51;14;1703;2281;0;0;31319;37716;0;0;58373;0;0;0;19;72;0;0;0;0;0;0;18;0;0;0;0;0;0;0;0;0;0;0;0;0;0;0;0;0;0;0;0;0;0;0;0;0;0;0;17;4394;5231;6107;6974;7864;8744;9639;10525;11422;103.9;16;34;0;126;10;562;112;2782;936;14654;17;23;30;40;46;48;45;44;32;20;3091;3555;4043;4554;4804;5063;5.05;5176;4927;4533;58512;75477;1.29;16965;32178;16.34;11544;7.72;6715;5384;4643;3369;721;454;292;179;116;73;8434;4708;3.21;2078;1.4;842;527;277;0.14;69;35;18;11544;7.72;6715;5384;4643;3369;50736;2823;104573;3044;3358;3334;3225;2818;2.63
Alanine_L;C3H7O2N;0.30000001;89.11;6.85;6.81;13.41;7.2;22;0.52;1.03;0.55;3.67;13;6;12;5;1;6;0;0;0;1;83;1;0;0;7;3;1;2;0;0;0;0;0;0;0;0;0;0;0;0;0;0;0;0;0;0;0;22;112;21;70;2;2197;1286;1442;675;14.5;2;4;13483;9667;0.38;108;326;61;328;5395;3786;29;1933;6944;9333;29;-4593;1521;0;47;7667;29;47;7667;15;29;23911;23916;35849;23961;38502;2993;3579;3578;2471;3572;2315;2769;2525;10454;8781;13.51;5442;1777;2442;1611;1102;578;267;0;0;0.5;24;16;2667;444;1778;7;16;4;20;918;918;0;0;0;0;0;0;0;0;0;0;0;6;0;0;0;0;0;0;0;0;0;0;0;0;0;0;0;0;0;0;0;0;0;0;0;0;0;0;0;0;0;0;0;0;0;0;5;3135;3761;4466;5142;5838;6526;7.22;7912;8606;63607;6;10;0;34;0;130;0;514;0;2050;5;6;4;0;0;0;0;0;0;0;1946;2197;1946;0;0;0;0;0;0;0;11347;12089;1065;742;10524;6697;5155;2643;2488;1333;0;0;859;529;415;333;0;0;3864;1836;1459;454;0;0;644;367;243;113;0;0;5155;2643;2488;1333;0;0;17.3;1475;17064;1921;2172;1913;0;0;0
Alfentanil;C21H33O3N6;0.75;417.6;6.63;36.57;63.02;38.68;66.92;0.58;1;0.61;2.23;63;30;65;32;9;38;188;3;3;9;138;3;0;6;33;21;6;3;0;0;0;0;0;0;0;0;0;0;1;2;0;0;0;0;0;0;1;152;390;180;387;19;20.86;1865;2004;219;66;9;49;153983;173267;234;10854;17414;10985;27699;28272;16278;2599;5975;56773;117932;2123;119.01;4507;5193;11658;68814;3583;20211;36.43;320.18;11757;2243.132;2243.379;3226.808;2250.504;3497.145;1594;1834;1834;1288;1828;1191;1827;5.96;30108;72899;137207;22667;10338;5018;7811;1024;567;356;201;106;875;739;354;11.8;1.72;30551;121;1568;142;39;1187;2844;0;0;103071;227.07;0;0;0;0;0;0;54;112;0;0;0;0;0;0;26;0;0;0;0;0;0;0;0;0;0;0;0;0;0;0;0;0;0;0;0;0;0;0;0;0;0;0;32;5.03;5889;6777;7658;8556;9445;10347;11239;12143;139082;30;64;0;240;10;1108;112;5632;882;30214;32;44;60;77;89;89;94;98;96;102;3664;4086;4519;4935;5227;5209;5405;5564;5.46;5493;104537;125568;1201;21.03;60522;30201;21562;14541;12307;10836;8876;6.72;719;454;0.28;181;115;76;18289;10.92;8108;6236;4572;3433;0.61;341;184;104;59;39;21562;14541;12307;10836;8876;6.72;92757;3982;262706;3613;3.93;4032;4044;4045;3899
Aminohippuric_acid_PAH  ;C9H9O3N2;0.47;193.2;8.4;14.62;23.78;15.04;43.67;0.64;1.03;0.65;3.12;23;14;23;14;8;19;429;1;1;3;0.13;2;0;6;9;9;2;3;0;0;0;0;0;0;0;0;0;0;0;1;0;0;0;0;0;0;1;64;250;69;202;7;8553;1.68;1842;342;32;4;16;54022;48429;317;1354;3050;1216;5663;14474;8469;339;3725;21912;36488;293667;0;3.28;1792;1004;25371;471;1742;15588;69865;735;265.5;265529;353829;266071;376006;2199;2.79;2.79;2154;2785;2036;2992;4217;23435;30302;47303;10.38;4511;3296;3345;839;571;289;128;0.08;0.8;189;98;7;1143;8408;35;188;30;21;1876;2271;0;0;0;49065;0;0;0;0;0;0;6;30;0;0;0;0;0;0;10;0;0;0;0;0;0;0;0;0;0;0;0;0;0;0;0;0;0;0;0;0;0;0;0;0;0;0;14;4174;4934;5746;6535;7349;8149;8965;9.77;10587;94211;14;28;0;100;0;418;0;1876;0;8768;14;18;19;20;24;20;14;10;10;4;2996;3481;3834;4.21;4703;4627;4427;3976;4202;3841;41069;54298;1322;13229;27217;14324;10552;6592;5968;4065;2687;2221;754;471;332;214;134;93;7288;3914;2.66;1561;886;567;521;0.28;148;82;44;24;10552;6592;5968;4065;2687;2221;42028;2591;76521;2803;3091;2984;2719;2.7;2505
Amprenavir;C25H35SO6N3;0.38;505.7;7.22;41.71;70.48;44.57;86.42;0.6;1.01;0.64;2.47;70;35;72;37;15;46;324;3;3;12;167;3;0;12;35;25;3;6;0;1;0;0;0;0;0;0;0;0;1;2;0;0;0;0;0;0;2;176;462444;200;362;21;23.75;1818;1971;205;77.5;11;50;187725;217886;209;15904;25690.778;16192;41535;31953;20488;3813;6408;66.26;145856;3503.333;169097;4841;5193;17351;80.9;4841;27307;52545;485035;9751;2992.955;2993.126;4424.477;3241.516;4507.208;1679;2134;2134;1451;1.96;1433;4821;6396;58377;123542;167525;27432;12698;8191;9953;1071;581;319;165;92;875;857;411;11743;1551;36003;147;2481;158;52;904;2883;0;0;128637;293835;0;0;0;0;0;0;20;104;10;0;0;0;0;0;90;28;0;0;0;0;0;0;0;0;0;0;0;0;0;0;0;0;0;0;0;0;0;0;0;0;0;0;37;5176;5994;6.86;7702;8571;9425;10297;11157;12031;149212;35;74;0;278;10;1232;84;5910;522;29714;37;51;61;74;86;85;87;90;98;92;3.85;4369;4736;5.13;5544;5.54;5605;5.6;5774;5851;106823;132734;1243;25912;69973;35183;25424;16646;15544;11614;9091;6996;726;0.45;305;0.19;123;81;20986;13214;11122;7551;5518;3782;0.6;357;218;124;75;44;25674;17435;16863;12928;10228;8159;112983;4373;319761;3907;4194;4183;4247;4346;4.27
Azidothymidine;C10H13O4N5;0.28999999;267.28;8.35;19.41;33.35;19.89;56;0.61;1.04;0.62;2.95;32;19;33;20;5;25;0;2;2;3;91;5;0;0;13;10;5;4;0;0;0;0;0;0;0;0;0;0;1;1;0;0;0;0;0;0;0;96;344;113;294;13;12542;1754;1935;282;44.5;7;29;81314;73789;251;2877;6084;2735;11682;18653;11652;701;4099;33713;61236;554467;24703;2692;3401;2197;39948;1154;5224;18147;108059;2971;557388;557498;882997;559297;966285;1981;2456;2456;1562;2448;1431;2265;4.7;34101;49617;80711;13686;5491;2659;3955;858;576;352;0.19;106;1;297;147;7737;1147;13147;52;414;55;31;1296;2439;0;0;52402;63208;0;0;0;0;0;0;36;95;0;0;0;0;0;0;33;0;0;0;0;0;0;0;0;0;0;0;0;0;0;0;0;0;0;0;0;0;0;0;0;0;0;0;20;4575;5425;6308;7185;8074;8958;9.85;10737;11.63;111741;19;40;0;152;10;694;112;3464;918;18140;20;28;37;47;56;59;57;55;51;37;3258;3689;4025;4369;4635;4796;4796;4934;5017;4905;62367;74755;1199;12388;37.84;19304;13991;9062;8016;6757;5377;4126;736;453;286;183;114;74;10198;5719;4314;3059;2054;1282;537;286;154;83;44;23;13991;9062;8016;6757;5377;4126;59408;2991;136195;3194;3544;3592;3.52;3333;3161
Betamethasone ;C22H29FO5;0.41;392.51;6.89;33.64;57.4;35.63;74.83;0.59;1.01;0.63;2.67;57;28;60;31;4;35;0;4;10;2;33;4;0;0;29;22;0;5;0;0;1;0;0;0;0;1;0;0;1;3;0;0;1;2;0;0;0;168;394;221;362;31;18781;1714;1956;231;62.5;15;70;133312;119286;182;7136;12152;7214;20564;25.2;19109;1670;4418;60222;122143;1112.496;98353;2028;6893;5555;73894;5473;44906;16.5;128507;31795;1559;1558.136;1736.906;1559.931;1782.476;1769;1.87;1871;1724;1869;1692;3.23;8859;66406;110395;134606;19944;5842;2104;4161;982;633;424;222;115;1;530;248;8857;1378;19704;86;932;94;84;1041;2697;0;0;40545;138214;0;0;67.71;153146;0;0;0;0;0;0;0;0;0;0;68;0;0;30;0;0;0;0;0;0;0;0;0;0;0;0;0;0;0;0;0;0;0;0;0;0;0;0;31;5.13;6094;7084;8072;9068;10063;11062;12.06;13061;140693;28;62;0;274;10;1514;154;9314;1638;60652;31;53;84;116;155;194;243;288;321;332;3584;4143;4673;5043;5403;5673;5911;6153;6.4;6551;120968;137275;1135;16307;56562;28.29;20698;12963;13318;13127;10.56;8529;739;418;251;156;91;55;16613;10142;9749;8791;7261;5534;593;327;184;105;63;36;19776;12591;12783;12059;10242;8258;81469;3385;289398;3533;4079;4404;4313;4096;3824
Biotine ;C10H15SN2O3;0.34999999;243.34;7.85;18.5;31.51;19.97;42.67;0.6;1.02;0.64;2.67;31;16;32;17;2;19;0;2;3;5;156;2;0;0;15;10;2;3;0;1;0;0;0;0;0;0;0;0;2;0;0;1;0;0;0;0;0;80;232444;91;185333;11;11038;1846;1993;301;36;5;18;65.81;62.5;313;2111;3946.111;2039;6678.333;16.51;8.39;500;4167;26809;45376;427875;22531;4.01;3178;1663;31097;874;4331;14558;74446;2180;446982;446995;545.35;464643;555621;1666;1849;1849;1542;1.77;1525;2646;4104;22793;32671;62;11901;5172;2979;3847;1162;572;304;164;82;1;263;127;7938;1203;11063;45;280;44;15;1953;2483;0;0;70149;0;0;57755;0;0;0;0;0;34;6;0;0;0;0;0;20;19;0;0;0;0;0;0;0;0;0;0;0;0;0;0;0;0;0;0;0;0;0;0;0;0;0;0;17;4394;5209;6075;6923;7799;8663;9545;10.42;11305;103332;16;34;0;126;20;538;224;2502;1800;12394;17;23;28;37;38;38;40;31;27;25;2996;3332;3466;3761;3.85;3829;3912;3714;3584;3638;57877;61265;1059;3388;32092;16301;11544;7665;7016;5105;4314;3049;721;451;305;182;117;0.08;9687;6584;5495;4559;3796;2462;605;387;239;163;103;65;11897;8119;7567;5813;5.09;3751;53078;2918;100474;3136;3484;3286;2996;2921;2639
Bisheteroypiperazine ;C21H25O2N5;0.72000003;379.51;7.16;32.97;53;34.55;59.67;0.62;1;0.65;2.13;53;28;56;31;14;39;387;4;5;5;89;2;0;12;25;21;5;2;0;0;0;0;0;0;0;0;0;0;1;3;0;0;1;0;0;0;1;148;369;176;386;21;20978;2;2115;218;60.5;9;45;141851;161857;255;9886;15446;10434;24972;26953;12217;2266;5995;53.44;106307;1680.356;148556;4598;6951;10454;64077;4013;28348;21361;216385;25859;1841.018;1841.21;2571.838;1846.696;2764.687;1267;1547;1547;1114;1542;1037;1636;5953;22382;41685;126606;18937;8.31;3928;5621;936;572;349;193;107;1;745;343;12.25;1964;28.49;119;1200;118;15;961;3071;0;0;62828;268891;0;0;121551;0;0;0;46;70;0;0;0;0;0;0;7;0;0;0;0;0;0;0;0;0;0;0;0;0;0;0;0;0;0;0;0;0;0;0;0;0;0;0;31;5004;5866;6746;7626;8512;9397;10286;11173;12063;135675;28;62;0;234;10;1076;112;5394;936;28252;31;43;59;77;97;105;121;134;137;150;3689;4234;4796;5305;5798;5968;6266;6531;6566;6693;125138;174886;1398;49748;57746;28206;19.51;13.69;11.87;10573;8767;7166;697;442;276;179;114;74;16312;9669;6923;5183;3718;2572;583;312;161;88;48;27;19.51;13.69;11.87;10573;8767;7166;86.3;4019;242989;3555;3.88;3935;3839;3741;3561
Bupivacaine;C18H29ON2;0.73000002;289.49;5.79;28.57;48.96;30.74;41.67;0.57;0.98;0.61;1.98;50;21;51;22;7;26;273;2;2;5;98;1;0;6;29;18;2;1;0;0;0;0;0;0;0;0;0;0;0;2;0;0;0;0;0;0;1;102;192;117;199;12;14216;1826;1968;265;44;6;31;94371;91238;252;3950;5208;3846;6404;20664;11.08;958;4562;36976;69406;831667;33605;3837;3584;3290;43968;1672;9397;20817;130153;3900;823595;823652;1062.803;825649;1127.069;1.91;2226;2226;1707;2.22;1607;1.46;5714;13.82;41853;82239;16193;7721;4149;5953;1159;563;334;0.18;97;833;367;180;8571;1306;15107;64;572;72;20;1292;2506;0;0;0;143833;0;0;0;0;0;0;3;3;0;0;0;0;0;0;0;0;0;0;0;0;0;0;0;0;0;0;0;0;0;0;0;0;0;0;0;0;0;0;0;0;0;0;22;4635;5.46;6312;7159;8018;8872;9734;10591;11454;115233;21;44;0;160;0;710;0;3472;0;17824;22;29;37;45;52;47;46;44;44;40;3296;3.75;4171;4579;4.95;4.86;4834;4975;5112;5063;77.7;99665;1283;21965;42009;21265;15242;10.13;8613;7052;5.63;4321;726;0.46;297;191;125;83;13745;8502;6549;4904;3592;2548;655;386;226;133;0.08;49;15242;10.13;8613;7052;5.63;4321;62342;3.25;151706;3185;3467;3548;3455;3.39;3277
Buprenorphine ;C29H42O4N;0.28999999;468.72;6.17;44.3;75.02;47.43;66.42;0.58;0.99;0.62;1.95;76;34;82;40;6;43;0.15;7;38;5;61;0;0;6;42;29;1;4;0;0;0;0;0;0;0;0;1;0;1;6;0;1;4;5;4;1;1;220;370;293;420;45;25.83;1915;2138;197;72.5;19;86;170602;154353;155;11944;15615;12998;21799;29336;19363;2624;4677;79173;168688;1735.148;244937;1867;11011;8888;98054;9495;91594;22849;176043;217538;2408.524;2408.751;2929.939;2411;3047.132;1418;1539;1539;1295;1537;1252;2149;6202;36.92;76206;166219;22241;6.47;2432;4233;1036;637;393;0.21;132;1;624;276;8118;1.19;28159;107;1610;117;55;1009;2412;38072;0;35751;283029;0;63536;274895;390398;342582;101174;0;24;0;0;0;0;0;0;29;0;0;0;0;0;0;0;0;0;0;0;0;0;0;0;0;0;0;0;0;0;0;0;0;0;0;0;40;5398;6375;7.39;8.4;9423;10446;11476;12506;13539;158952;34;80;6;360;50;2024;364;12768;2760;86290;40;70;110;171;279;409;586;809;1048;1259;3784;4413;4954;5501;6.09;6514;6959;7405;7772;8069;176696;203226;1.15;26531;70911;34287;23889;16017;17124;15608;13506;13191;703;0.4;245;142;79;47;21616;13812;14175;12054;10.05;9329;636;345;203;0.11;59;33;23889;16017;17124;15608;13506;13191;99629;3909;419388;3773;4286;4556;4577;4496;4419
Cefoperazone ;C25H26S2N9O8;0.039999999;644.74;9.21;45.3;72.7;47.45;122.5;0.65;1.04;0.68;2.78;70;44;74;48;16;61;125;5;6;9;122;10;0;6;26;25;9;8;0;2;0;0;0;0;0;0;0;1;1;3;0;1;0;0;0;0;1;236;749889;285;691333;33;30865;1833;2017;0.18;100.5;18;75;254955;335591;207;31520;57211.222;33077;107618.111;38668;29273;7383;7804;88414;204819;6064.284;458321;5891;8328;41921;108837;11123;86813;51215;633121;63753;5784.545;5784.537;8492.42;6236.703;8739.801;1227;1549;1549;1065;1441;1036;3211;6548;91702;165936;234215;31942;13.26;6.37;9626;961;595;365;192;98;1;1451;677;15386;2222;58917;235;4426;242;105;813;3338;0;96743;143743;485929;0;199343;0;0;0;0;294;646;108;0;0;0;0;0;240;138;0;0;0;0;0;4;0;0;0;0;0;0;0;0;0;0;0;0;0;0;0;0;0;0;0;0;48;5468;6347;7251;8148;9057;9963;10876;11789;12706;173605;44;96;0;384;10;1866;98;9952;684;56006;48;70;97;124;151;170;201;220;253;294;4127;4668;5149;5556;5829;5938;6244;6483;6664;6925;169791;208527;1228;38736;89204;44154;31706;21.01;19406;16963;13786;10586;721;438;277;175;111;0.07;24984;15373;11975;9729;7177;5114;568;0.32;171;0.1;58;34;32413;21918;20481;18443;15466;12389;144259;5044;465529;4129;4513;4649;4634;4662;4559
Cefpirome ;C22H22S2N6O5;0.2;514.64;9.03;37.48;58.47;39.69;88.5;0.66;1.03;0.7;2.53;57;35;61;39;16;49.5;282;5;7;7;115;5;0;11;22;22;6;5;0;2;0;0;0;0;0;0;0;1;2;2;0;1;1;0;0;0;0;192;544889;234;518;29;25778;1927;2089;197;78;14;57;188569;223.2;0.22;17100;28483.556;18247;49512.889;32061;19296;3906;6565;69862;149855;3081.634;289652;4911;8112;19104;85021;6930;53770;33707;346777;54720;3037.059;3037.127;4338.282;3174.578;4498.074;1217;1555;1555;1099;1484;1065;3073;6014;54126;87736;177525;24224;9877;4455;6836;993;587;359;208;109;1;959;438;12514;2157;38709;161;2177;151;42;965;3101;0;69217;188694;203328;0;140614;152022;0;0;0;91;180;58;0;0;0;0;0;62;66;0;0;0;0;0;8;0;0;0;0;0;0;0;0;0;0;0;0;0;0;0;0;0;0;0;0;39;5263;6151;7067;7976;8899;9816;10742;11665;12594;154174;35;78;0;314;20;1536;196;8298;1440;47498;39;57;81;111;134;154;184;209;234;272;3922;4497;5047;5553;5894;6.11;6402;6633;6838;7138;153049;198957;1.3;45908;71.83;35189;24.69;16884;15548;13373;11848;9236;705;433;273;165;107;69;20379;12911;10.36;8343;6614;4619;582;331;182;103;0.06;34;25397;17792;16.71;14694;13332;10778;116539;4462;347019;3.93;4301;4314;4.41;4473;4324
Ceftizoxime ;C13H12S2N5O5;0.12;382.44;10.34;24.8;38.89;26.26;71.5;0.67;1.05;0.71;2.86;37;25;39;27;10;34.5;185;3;4;5;128;5;0;5;12;13;5;5;0;2;0;0;0;0;0;0;0;1;1;1;0;1;0;0;0;0;0;132;446889;159;398;19;17224;1807;1992;241;57.5;10;38;119737;122.48;238;6456;12367.556;6498;22978.889;23985;15445;1531;5103;46524;91171;1278.539;85467;4082;4745;5849;55782;2562;14923;27382;190.3;8866;1203.726;1203.829;1815.614;1256.965;1932.272;1606;2013;2013;1364;1928;1.29;3094;5.46;46387;68606;114096;18013;7215;3327;5198;983;584;355;201;108;1;500;238;9.52;1379;19779;88;862;78;42;1157;2661;0;48202;74.67;76222;0;103311;0;0;0;0;46;144;42;0;0;0;0;0;62;66;0;0;0;0;0;8;0;0;0;0;0;0;0;0;0;0;0;0;0;0;0;0;0;0;0;0;27;4.89;5765;6676;7578;8496;9408;10329;11248;12172;128563;25;54;0;218;10;1074;98;5850;702;33784;27;39;54;71;83;88;97;93;97;96;3.57;4099;4604;5034;5253;5398;5578;5509;5629;5764;92244;113816;1234;21572;50283;25241;18137;11935;10947;9.09;7719;5985;725;442;281;168;109;72;14396;8846;6979;5354;4092;2792;576;328;179;99;58;34;18845;12843;12141;10347;9148;7419;86267;3583;206839;3648;4009;3972;4.06;4113;3732
Chloroprocaine ;C13H20ClN2O2;0.82999998;271.8;7.15;22.39;38.08;24.01;42.94;0.59;1;0.63;2.39;38;18;38;18;7;22;333;1;1;7;184;1;0;6;20;13;2;2;0;0;0;1;0;0;0;1;0;0;0;1;0;0;0;0;0;0;1;82;199605;91;190111;8;11038;1688;1846;301;39333;5;24;78009;77778;302;2756;4139.383;2536;5310;18429;11438;700;4575;29236;52572;635167;0;4.42;1792;2488;34367;922;4021;23216;122266;1432;559268;559151;854471;567985;915462;2252;2822;2822;1848;2785;1726;2063;4778;20161;43.9;71059;15124;7489;4698;6292;1113;561;0.33;155;65;833;303;156;8667;1.37;13086;56;392;50;35;2256;2558;0;0;0;67861;0;0;0;0;0;0;9;20;0;0;0;11;0;0;0;0;0;0;8;0;0;0;0;0;0;0;0;0;0;0;0;0;0;0;0;0;0;0;0;0;0;0;18;4419;5209;6033;6841;7672;8486;9322;10141;10981;105104;18;36;0;128;0;546;0;2536;0;12326;18;23;27;29;29;28;22;20;17;15;3135;3597;4.03;4429;4787;4836;4562;4389;4192;4263;55151;71133;1.29;15983;35065;18255;13544;8579;7.15;5655;4174;2452;752;477;311;209;144;85;11666;6.68;4754;3.44;2056;892;648;371;207;127;71;31;14044;8868;7521;5987;4622;2607;57036;2977;110492;3119;3418;3509;3524;2953;2947
Cimetidine ;C10H16SN6;0.30000001;252.39;7.65;20.04;33.11;21.49;39.33;0.61;1;0.65;2.31;33;17;33;17;4;22;0;1;1;7;212;3;1;0;16;10;6;0;0;1;0;0;0;0;0;0;0;0;1;0;0;0;0;0;0;0;0;74;203444;80;191667;6;10.92;1789;1901;303;37;3;18;73796;78118;345;2648;4471.444;2480;6756.333;17961;8859;664;4882;26364;46157;632.8;0;5303;1609;2534;30627;813;3682;22823;114.95;1226;481107;481071;731.37;561243;734914;1961;2711;2711;1787;2296;1796;1163;2427;11249;24963;69487;13881;7.99;5115;6524;1136;534;0.31;155;61;833;301;153;9;1412;12464;59;325;48;21;2728;2514;0;0;56919;0;0;0;0;0;0;0;76;0;27;0;0;0;0;0;0;0;0;0;0;0;0;0;0;0;0;0;0;0;0;0;0;0;0;0;0;0;0;0;0;0;0;0;17;4317;5081;5866;6648;7439;8227;9021;9813;10.61;101022;17;34;0;114;10;448;98;1898;684;8384;17;20;23;24;19;16;15;15;16;15;3135;3466;3738;4025;3761;3466;3434;3526;3761;3871;53376;65891;1234;12515;33314;17235;12.51;8274;6369;5001;3628;2.08;736;487;318;217;151;109;10842;6437;4468;3156;2117;1283;638;379;223;137;88;68;12864;8774;6867;5538;4206;2621;57374;3.06;95556;3143;3295;3273;3199;2948;2805
Clavulanic_acid ;C8H8O5N;0.059999999;198.17;9.01;13.65;23.33;13.94;45.17;0.62;1.06;0.63;3.23;22;14;23;15;3;18;0;2;3;2;87;3;0;0;8;8;1;5;0;0;0;0;0;0;0;0;0;1;1;0;1;0;0;0;0;0;0;74;290;90;234;12;9364;1.75;1952;327;33.5;6;19;51564;40714;258;1206;2790;1104;5421;13739;8143;285;3132;23938;39.46;230474;13811;1.7;2944;692;27807;562;2275;12058;50566;1385;228643;228695;347147;229215;373715;2054;2523;2522;1681;2516;1564;3055;4042;31427;31901;51303;9339;3.17;1281;2114;826;582;355;212;115;0.75;155;76;5429;857;7673;28;178;32;22;1461;1924;0;24393;30141;0;43.62;0;0;0;0;0;0;11;0;0;0;0;0;0;45;0;0;0;0;0;0;0;0;0;0;0;0;0;0;0;0;0;0;0;0;0;0;0;0;0;0;0;15;4317;5198;6129;7043;7981;8905;9844;10772;11.71;100901;14;30;0;126;10;636;140;3502;1386;20230;15;22;31;42;46;47;35;23;8;3;2944;3401;3761;4174;4369;4454;4344;4025;3135;2197;46.3;52753;1139;6453;27841;14.43;10293;6647;6156;4899;4402;3.18;735;443;0.28;158;105;69;7143;4129;3073;2275;1548;0.92;0.51;275;0.14;73;37;0.02;10293;6647;6156;4899;4402;3.18;43638;2547;90022;2917;3247;3175;3268;2858;2145
Cocaethylene ;C18H24O4N;0.77999997;318.43;6.78;27.92;47.07;29.58;53;0.59;1;0.63;2.3;47;23;49;25;8;30;0.24;3;4;6;122;2;0;6;24;18;1;4;0;0;0;0;0;0;0;0;0;0;1;2;1;0;0;0;0;0;1;120;300;143;283;17;16414;1.89;2041;247;50.5;8;37;105685;101043;231;4970;7755;5036;11787;22138;11637;1162;4593;43048;82286;963974;69815;3.44;5.05;3985;51484;2177;12570;21263;143561;7818;976072;976317;1461.916;977727;1563.681;1672;1.97;1969;1325;1966;1241;2024;5433;29845;51559;100042;16317;6917;3228;4907;1025;576;349;196;103;833;419;198;8609;1138;16567;69;737;74;20;1226;2436;0;0;54916;141078;77954;0;0;0;0;0;0;18;0;0;0;0;0;0;20;0;0;0;0;0;0;0;0;0;0;0;0;0;0;0;0;0;0;0;0;0;0;0;0;0;0;0;25;4796;5659;6.55;7437;8338;9235;10142;11045;11955;123156;23;50;0;190;10;878;126;4470;1098;24070;25;35;48;64;78;87;93;90;88;83;3434;3882;4314;4715;5046;5039;5213;5154;5349;5522;89534;108804;1215;19.27;46738;23272;16397;11113;9811;8464;7214;5456;713;445;0.28;176;113;0.07;13735;8541;6684;5513;4308;3032;597;342;191;115;67;39;16397;11113;9811;8464;7214;5456;70182;3418;186569;3.35;3702;3753;3726;3646;3558
Cocaine ;C17H22O4N;0.88;304.4;6.92;26.32;44.19;27.82;51.5;0.6;1;0.63;2.34;44;22;46;24;8;29;0.25;3;4;5;109;2;0;6;22;17;1;4;0;0;0;0;0;0;0;0;0;0;1;2;1;0;0;0;0;0;1;116;296;139;275;17;15.72;1886;2043;252;48.5;8;36;99257;92818;232;4398;7024;4469;10928;21245;11213;1021;4.42;41205;77551;834141;63042;3387;5.05;3391;49166;1947;10974;19334;128431;7028;854536;854743;1267.32;855965;1354.068;1671;1973;1973;1.34;1.97;1256;2029;5304;28551;47698;94107;15354;6.29;2877;4.39;994;582;359;194;104;1;379;178;8091;1099;14835;64;634;68;19;1055;2368;0;0;51.76;133511;73176;0;0;0;0;0;0;18;0;0;0;0;0;0;20;0;0;0;0;0;0;0;0;0;0;0;0;0;0;0;0;0;0;0;0;0;0;0;0;0;0;0;24;4762;5631;6524;7414;8316;9214;10121;11025;11934;120.94;22;48;0;184;10;858;126;4392;1098;23728;24;34;47;62;76;83;88;83;79;76;3401;3861;4301;4688;5033;5013;5186;5107;5301;5483;85092;103273;1214;18181;44735;22284;15.69;10613;9.43;8364;6838;5371;713;442;277;178;0.11;71;13028;7953;6455;5428;4206;2984;592;331;0.19;115;68;39;15.69;10613;9.43;8364;6838;5371;67389;3322;176451;3314;3669;3729;3669;3592;3421
Cortisol ;C21H30O5;0.5;362.51;6.47;32.53;55.89;34.69;64.08;0.58;1;0.62;2.46;56;26;59;29;3;32;0;4;10;2;34;3;0;0;30;21;0;5;0;0;0;0;0;0;0;0;0;0;1;3;0;0;1;2;0;0;0;154;322;198;302;28;18087;1783;2005;235;57;13;59;121584;109615;196;6169;9883;6302;15903;23.87;16283;1425;4385;54439;107.41;939276;89.09;2111;6893;4757;66225;4677;38213;14079;110638;27609;1341.5;1341.564;1461.889;1341.841;1486.522;1677;1759;1759;1652;1759;1632;2794;5362;48342;84455;122211;18343;5735;2239;4046;1.03;623;405;215;114;1;496;230;8846;1408;18296;80;770;84;52;1052;2705;0;0;37415;125669;0;0;61884;139176;0;0;0;0;0;0;0;0;0;0;68;0;0;0;0;0;0;0;0;0;0;0;0;0;0;0;0;0;0;0;0;0;0;0;0;0;0;0;29;5043;5984;6959;7923;8903;9874;10856;11.83;12813;135184;26;58;0;250;10;1336;140;7922;1404;49628;29;48;73;102;135;166;208;252;285;291;3497;4025;4489;4828;5153;5371;5628;5864;6087;6165;116038;125655;1083;9617;52972;26294;18905;12171;12.32;11.54;9716;7819;727;0.42;257;158;95;58;15702;9957;9557;8653;7281;5591;604;343;199;119;71;41;18905;12171;12.32;11.54;9716;7819;75962;3364;254.43;3455;3957;4188;4118;3.9;3558
Cortisone;C21H28O5;0.74000001;360.49;6.68;31.93;54.01;33.93;65.42;0.59;1;0.63;2.52;54;26;57;29;4;33;0;4;10;2;35;4;0;0;28;21;0;5;0;0;0;0;0;0;0;0;0;0;1;3;0;0;1;2;0;0;0;154;340;198;316;28;18087;1783;2005;235;57;13;59;121584;109615;196;6169;10095;6302;16556;23.87;16283;1425;4385;54439;107.41;939276;89.09;2111;6893;4757;66225;4677;38213;14079;110638;27609;1332.125;1332.181;1437.465;1332.423;1459.019;1677;1769;1769;1674;1769;1656;2855;6.32;50276;86278;122211;18.07;5594;2172;3888;1014;623;405;215;114;1;496;230;8846;1408;18296;80;770;84;52;1052;2705;0;0;37415;125669;0;0;61884;139176;0;0;0;0;0;0;0;0;0;0;68;0;0;0;0;0;0;0;0;0;0;0;0;0;0;0;0;0;0;0;0;0;0;0;0;0;0;0;29;5043;5984;6959;7923;8903;9874;10856;11.83;12813;135184;26;58;0;250;10;1336;140;7922;1404;49628;29;48;73;102;135;166;208;252;285;291;3526;4.06;4522;4.89;5.22;5442;5704;5927;6151;6211;116038;126812;1093;10774;52972;26294;18905;12171;12.32;11.54;9716;7819;727;0.42;257;158;95;58;15585;9804;9381;8411;6976;5313;599;338;195;115;68;39;18905;12171;12.32;11.54;9716;7819;75962;3364;254.43;3455;3957;4188;4118;3.9;3558
Creatinine;C4H7ON3;0.31;113.14;7.54;8.69;15.4;8.99;22.83;0.58;1.03;0.6;2.85;15;8;15;8;2;10;0;1;1;0;0;2;0;0;7;4;3;1;0;0;0;0;0;0;0;0;0;0;1;0;0;0;0;0;0;0;0;38;132;42;119;6;4682;1.6;1795;462;18.5;3;7;21.39;14.75;306;256;569;197;781;7468;4.3;59;2107;11653;16333;46.2;0;1017;1609;103;13033;108;284;5514;16583;164;44768;44775;72.84;44982;80301;2388;3132;3131;1944;3117;1766;1829;3355;10.06;7951;24;5.41;1653;935;1118;855;592;327;0.15;54;333;51;27;3375;469;2688;12;22;7;10;906;954;0;0;19067;0;0;0;0;0;0;0;0;7;0;0;0;0;0;0;0;0;0;0;0;0;0;0;0;0;0;0;0;0;0;0;0;0;0;0;0;0;0;0;0;0;0;0;8;3664;4443;5283;6084;6923;7732;8567;9381;10212;78288;8;16;0;60;10;256;112;1156;846;5396;8;11;12;13;8;1;0;0;0;0;2398;2833;3091;3332;3091;1099;0;0;0;0;20777;23844;1148;3068;15321;8667;6146;3698;3531;2.52;1.83;0.85;768;462;321;0.21;141;106;4587;2281;1.72;1003;532;179;573;285;156;84;41;22;6146;3698;3531;2.52;1.83;0.85;24124;1853;34751;2335;2.66;2257;1357;0;0
DDE;C14H8Cl4;0.61000001;318.02;12.23;20.39;26.6;22;42.44;0.78;1.02;0.85;2.36;26;18;27;19;13;26;632;2;2;2;74;1;0;12;8;14;0;0;0;0;0;4;0;0;0;4;0;0;0;2;0;0;0;0;0;0;2;90;170.42;103;192444;12;12137;1.8;1963;287;37333;6;26;75307;67;255;2524;3399.753;2443;4278.42;17819;9965;603;3941;31571;56395;475;22307;2579;3584;1820;37259;963;4112;16.71;101969;2135;424.5;423538;468.5;454234;455401;1949;2704;2708;2.51;2568;2563;1459;1.86;14.45;26684;51059;13749;5978;3428;4566;1052;582;327;173;99;1;277;135;7.5;1111;11111;45;396;50;18;946;2377;0;0;0;122631;0;0;0;0;0;0;0;0;0;0;0;0;0;0;0;0;0;0;0;0;0;0;0;0;0;0;0;0;0;0;0;0;0;0;0;0;38;0;0;0;0;0;19;4511;5333;6196;7041;7909;8764;9632;10491;11.36;108238;18;38;0;142;0;638;0;3118;0;15918;19;26;32;40;48;44;48;36;24;24;3296;3912;4449;5002;5.52;5627;5964;6019;5901;6196;57583;81572;1417;23989;35993;18315;13121;8575;7861;5979;4815;3887;729;451;302;187;0.12;81;12154;6661;5471;3337;2306;1574;675;351;0.21;104;58;33;15121;9.73;9733;6942;5693;4.7;64154;2944;124374;3325;3838;3752;3796;3.75;3485
Dexamethasone;C22H29FO5;0.37;392.51;6.89;33.64;57.4;35.63;74.83;0.59;1.01;0.63;2.67;57;28;60;31;4;35;0;4;10;2;33;4;0;0;29;22;0;5;0;0;1;0;0;0;0;1;0;0;1;3;0;0;1;2;0;0;0;168;394;221;362;31;18781;1714;1956;231;62.5;15;70;133312;119286;182;7136;12152;7214;20564;25.2;19109;1670;4418;60222;122143;1112.496;98353;2028;6893;5555;73894;5473;44906;16.5;128507;31795;1559;1558.136;1736.906;1559.931;1782.476;1769;1.87;1871;1724;1869;1692;3.23;8859;66406;110395;134606;19944;5842;2104;4161;982;633;424;222;115;1;530;248;8857;1378;19704;86;932;94;84;1041;2697;0;0;40545;138214;0;0;67.71;153146;0;0;0;0;0;0;0;0;0;0;68;0;0;30;0;0;0;0;0;0;0;0;0;0;0;0;0;0;0;0;0;0;0;0;0;0;0;0;31;5.13;6094;7084;8072;9068;10063;11062;12.06;13061;140693;28;62;0;274;10;1514;154;9314;1638;60652;31;53;84;116;155;194;243;288;321;332;3584;4143;4673;5043;5403;5673;5911;6153;6.4;6551;120968;137275;1135;16307;56562;28.29;20698;12963;13318;13127;10.56;8529;739;418;251;156;91;55;16613;10142;9749;8791;7261;5534;593;327;184;105;63;36;19776;12591;12783;12059;10242;8258;81469;3385;289398;3533;4079;4404;4313;4096;3824
Dichlorobenzene ;C6H4Cl2;0.98000002;147;12.25;9.2;12.3;10;19.56;0.77;1.02;0.83;2.44;12;8;12;8;6;11;0.75;1;1;0;0;0;0;6;4;6;0;0;0;0;0;2;0;0;0;2;0;0;0;1;0;0;0;0;0;0;1;36;69.21;39;73222;5;4.97;1714;1861;449;16667;2;8;21574;15;311;264;373.21;214;374481;7576;3484;60;2143;11514;16167;44;0;854;1792;106;12867;124;362;4193;15362;182;35608;35.41;44667;41729;41.97;2279;3752;3769;3135;3307;3292;1061;1466;5862;6563;16;5921;2377;1.38;1759;1.11;567;319;127;57;333;54;28;3.5;0.5;2;12;24;6;5;875;1;0;0;0;22133;0;0;0;0;0;0;0;0;0;0;0;0;0;0;0;0;0;0;0;0;0;0;0;0;0;0;0;0;0;0;0;0;0;0;0;0;3;0;0;0;0;0;8;3611;4369;5153;5932;6718;7502;8287;9072;9858;76503;8;16;0;56;0;238;0;1096;0;5196;8;10;11;10;10;4;1;0;0;0;2485;3.02;3458;3804;4202;3446;2151;0;0;0;22178;30566;1378;8388;15533;8628;5983;3805;3239;2.54;1502;1024;748;476;324;231;0.15;102;5577;2961;2229;1.58;711;402;697;0.37;223;144;71;0.04;6983;4382;3981;3481;1872;1287;29178;1908;33731;2557;2934;3199;1932;0;0
Diclofenac ;C14H10Cl2NO2;0.79000002;295.15;10.18;20.71;29.76;21.82;50.22;0.71;1.03;0.75;2.64;29;19;30;20;13;27;0.6;2;2;4;133;1;0;12;10;14;1;2;0;0;0;2;0;0;0;2;0;0;0;2;0;0;0;0;0;0;2;94;265.21;107;247222;12;12.83;1.81;1965;279;41167;6;27;81518;74316;251;2934;5178.877;2840;8351.42;18725;10.35;706;4129;33308;60582;594333;26479;3269;3584;2195;39406;1324;7166;16896;100007;3176;525527;525057;684907;542238;713271;1936;2583;2585;1997;2519;1911;2806;3716;23787;36742;70711;13876;6066;3475;4.43;946;575;0.32;174;97;0.8;281;138;7263;1014;11983;52;424;46;19;1144;2215;0;0;0;122315;0;0;0;0;0;0;0;10;0;0;0;6;0;0;0;0;0;0;32;0;0;0;0;0;0;0;0;0;0;0;0;0;0;0;0;0;4;0;0;0;0;0;20;4554;5371;6229;7069;7931;8781;9644;10497;11.36;110435;19;40;0;148;0;658;0;3204;0;16330;20;27;33;41;49;45;43;44;37;32;3332;3912;4388;4907;5407;5426;5622;5977;6188;6347;70.01;108.13;1544;38.12;38026;19297;13828;9075;8219;6196;5076;3944;728;454;304;188;124;0.08;11303;6305;4725;3199;2.19;1334;595;315;175;97;53;27;14828;9653;8961;6913;5792;4333;62366;3047;133126;3254;3635;3742;3746;3562;3585
Didanosine;C10H12O3N4;0.31;236.26;8.15;17.9;29.92;18.43;43.17;0.62;1.03;0.64;2.54;29;17;31;19;5;24;0;3;4;2;65;5;0;0;12;10;4;3;0;0;0;0;0;0;0;0;0;0;2;1;0;0;1;0;0;0;0;92;275;111;262;15;12.83;2;2127;279;39;6;25;69;59059;255;2238;4154;2279;7403;16777;6888;502;3691;31135;53508;364207;35186;2524;4977;1454;36463;1154;6297;9239;62333;4416;385786;385878;628618;387137;684423;1648;2153;2152;1335;2145;1228;2019;4.44;23259;25352;69487;10745;4126;1733;2608;876;581;0.36;198;99;0.8;260;120;7059;1017;9599;42;290;47;6;844;2257;0;0;68651;38571;0;0;58191;0;0;0;10;53;0;0;0;0;0;0;18;0;0;0;0;0;0;0;0;0;0;0;0;0;0;0;0;0;0;0;0;0;0;0;0;0;0;0;19;4533;5407;6301;7194;8095;8994;9898;10.8;11705;108925;17;38;0;146;20;674;210;3394;1674;17938;19;27;38;51;58;65;69;74;65;54;3219;3761;4344;4.86;5182;5553;5.82;6033;5943;5753;68818;91019;1323;22.2;35016;17357;11828;8292;7325;6626;5613;4059;696;436;271;174;0.11;0.07;9089;5546;4151;3.11;2243;1333;535;292;154;82;44;23;11828;8292;7325;6626;5613;4059;53753;2952;124047;3128;3492;3441;3323;2911;2823
Ethanol;C2H6O;1.0700001;46.08;5.12;4.31;8.98;4.74;9.5;0.48;1;0.53;3.17;9;3;8;2;0;2;0;0;0;0;0;0;0;0;6;2;0;1;0;0;0;0;0;0;0;0;0;0;0;0;0;0;0;0;0;0;0;6;30;4;12;0;693;1.2;1.26;1201;7;0;0;2.89;2667;577;16;52;6;22;1655;1177;4;1333;2.25;2.5;4;-1409;1333;0;5;2333;4;5;2333;3;4;3.5;3501;5908;3507;6.4;1633;1868;1867;1111;1864;1027;1.25;1569;3139;752;4755;2961;1961;2;1936;1535;333;0;0;0;1;6;5;1667;444;444;2;2;1;5;918;918;0;0;0;0;0;0;0;0;0;0;0;0;0;0;0;0;0;0;0;0;0;0;0;0;0;0;0;0;0;0;0;0;0;0;0;0;0;0;0;0;0;0;0;0;0;0;2;1946;2197;2565;2833;3219;3497;3892;4174;4575;33898;3;4;0;8;0;16;0;32;0;64;2;1;0;0;0;0;0;0;0;0;1099;693;0;0;0;0;0;0;0;0;4792;4792;1;0;4914;3983;2707;1414;707;0;0;0;902;707;707;0;0;0;2154;1023;316;0;0;0;718;512;316;0;0;0;2707;1414;707;0;0;0;9192;1155;3464;1204;847;0;0;0;0
Fenoterol;C17H22O4N;0.1;304.4;6.92;26.32;44.19;27.82;56;0.6;1;0.63;2.55;44;22;45;23;12;29;522;2;2;6;133;0;0;12;22;17;1;4;0;0;0;0;0;0;0;0;0;0;0;2;0;0;0;0;0;0;2;108;274;120;258;13;14622;1784;1944;262;48.5;7;29;103571;112727;291;5160;8900;5135;14869;22191;13133;1240;5368;38051;71.35;1077.833;41615;5331;3584;5138;45014;1754;9501;23961;168407;3933;1036.238;1036.321;1277.606;1037.712;1337.085;1655;1963;1963;1615;1.96;1546;2097;4134;28659;56.53;88107;16614;7492;5195;5658;969;581;312;158;0.09;857;470;228;10364;1636;17455;84;632;78;26;688;2754;0;0;0;167606;0;0;0;0;0;0;0;22;0;0;0;0;0;0;50;0;0;0;0;0;0;0;0;0;0;0;0;0;0;0;0;0;0;0;0;0;0;0;0;0;0;0;23;4691;5485;6.33;7.14;7982;8799;9.64;10.46;11.3;116827;22;46;0;170;0;736;0;3434;0;16676;23;31;35;42;49;41;38;34;30;36;3401;3951;4382;4866;5314;5159;5019;4909;4.87;5.22;76852;104899;1365;28047;43789;22219;16113;10436;9699;7006;5509;4.33;732;454;313;0.2;131;88;12606;7427;5852;3763;2556;1721;573;323;189;108;61;35;16113;10436;9699;7006;5509;4.33;65377;3451;154615;3245;3.56;3513;3404;3.34;3.05
Ganciclovir ;C9H13O4N5;0.17;255.27;8.23;18.41;32.35;18.89;51.5;0.59;1.04;0.61;2.86;31;18;32;19;4;23;0;2;3;5;156;4;0;0;13;9;5;4;0;0;0;0;0;0;0;0;0;0;1;1;0;0;1;0;0;0;0;90;307;105;273;12;12137;1.8;1963;287;42.5;6;26;76158;70222;0.27;2617;5334;2500;9943;17957;10192;632;4131;31316;55.64;523207;24571;3415;3367;2022;36856;1209;6266;16.22;88316;3040;502768;502.92;887354;504875;977.44;1866;2352;2351;1344;2342;1.22;2194;4456;29832;34459;71059;12976;5451;2.7;3929;835;572;346;179;87;0.8;271;133;7389;1167;12383;50;364;48;24;1761;2261;0;0;37441;45063;0;0;69726;0;0;0;19;109;0;0;0;0;0;0;34;0;0;0;0;0;0;0;0;0;0;0;0;0;0;0;0;0;0;0;0;0;0;0;0;0;0;0;19;4511;5352;6225;7089;7972;8848;9736;10618;11.51;108862;18;38;0;142;10;638;112;3142;936;16328;19;26;34;43;49;53;52;55;44;31;3178;3638;4111;4585;4828;5106;5124;5313;5153;4875;64282;80911;1259;16628;36015;18302;13121;8651;7479;6306;5133;3532;729;455;288;185;119;72;9459;5287;3732;2467;1524;898;525;278;144;73;35;18;13121;8651;7479;6306;5133;3532;56942;2975;123404;3.15;3478;3511;3382;3011;2.99
Glucose ;C6H12O6;0.25999999;180.18;7.51;12.66;25.27;13.3;41.67;0.53;1.05;0.55;3.47;24;12;24;12;0;12;0;1;1;1;42;0;0;0;12;6;0;6;0;0;0;0;0;0;0;0;0;0;0;1;0;0;0;0;0;0;0;58;210;68;148;8;6879;1565;1774;381;30;5;19;40732;30333;263;728;1712;606;3086;11643;7796;182;2758;19339;31;144167;0;1.27;1792;393;22414;322;1039;10323;41033;496;157.5;157563;256403;157834;275617;2634;3013;3012;1947;3007;1827;2902;3.12;31466;31774;43.02;9851;3653;1765;2999;891;593;381;173;0.08;0.5;108;57;4.75;625;5333;24;76;18;27;1124;1483;0;0;0;37924;0;0;0;0;0;0;0;0;0;0;0;0;0;0;55;0;0;0;0;0;0;0;0;0;0;0;0;0;0;0;0;0;0;0;0;0;0;0;0;0;0;0;12;4078;4.92;5784;6645;7512;8376;9243;10108;10975;91639;12;24;0;92;0;432;0;2228;0;12044;12;17;22;23;24;18;8;1;0;0;2565;2.89;3135;3178;3219;2944;2197;693;0;0;32823;32823;1;0;23079;12465;9301;5575;4959;4499;2872;1887;775;465;292;204;125;79;6238;3562;2719;1867;1082;0.61;0.52;297;0.16;85;47;25;9301;5575;4959;4499;2872;1887;37281;2187;66675;2.73;3.11;3319;2914;2196;1021
Hydralazine ;C8H8N4;0.61000001;160.2;8.01;13.17;20.17;13.55;27.5;0.66;1.01;0.68;2.29;20;12;21;13;11;18.5;846;2;3;1;48;0;0;11;8;8;4;0;0;0;0;0;0;0;0;0;0;0;0;2;0;0;0;1;0;0;1;60;168;70;183;9;8841;2;2089;336;26;3;17;40762;30333;265;816;1486;779;2366;11776;3697;182;2758;20157;31533;124;8621;1339;3555;397;23148;518;2415;4155;25321;1162;120939;120948;161651;121295;174027;1987;3.01;3009;2357;3002;2.22;1062;1263;5788;9.94;43.02;7159;2853;1.17;1702;828;556;349;0.2;103;1;119;57;4.75;667;4056;22;100;20;3;896;1.73;0;0;0;45473;0;0;0;39179;0;0;10;0;0;0;0;0;0;0;0;0;0;0;0;0;0;0;0;0;0;0;0;0;0;0;0;0;0;0;0;0;0;0;0;0;0;0;13;4111;4949;5802;6658;7518;8377;9238;10098;10.96;92711;12;26;0;94;0;428;0;2166;0;11526;13;17;23;29;34;27;25;21;18;6;2.97;3597;4.27;4888;5448;5577;5.88;6124;6381;5264;43622;67155;1539;23533;24537;12483;8389;5915;4808;4248;3579;2843;699;455;283;185;123;84;6359;3587;2425;1707;1135;0.71;0.53;276;143;74;39;21;8389;5915;4808;4248;3579;2843;37355;2426;70521;2723;2963;2.99;2699;2079;773
Indinavir ;C36H49O4N5;0.38999999;615.9;6.55;56.17;93.26;59.6;99.25;0.6;0.99;0.63;2.21;94;45;98;49;20;60;367;5;6;12;122;2;0;18;49;36;5;4;0;0;0;0;0;0;0;0;0;0;1;4;0;0;1;0;0;0;2;236;506;272;497;31;32304;1908;2.05;176;96.5;15;68;262246;346133;201;33506;49569;35486;77035;39345;24546;7788;7867;89326;208961;6781.356;501597;6139;8743;43374;109831;11913;96221;53536;669.82;51150;6939.953;6940.376;8684.048;6954.022;9152.828;1224;1364;1363;1093;1361;1038;2.12;6.82;52575;136144;236378;33088;14.87;9139;10934;1013;584;0.32;179;0.1;0.9;1445;670;14889;1995;57375;241;4731;250;53;906;3183;0;0;122409;685914;0;0;227756;0;0;0;66;143;0;0;0;0;0;0;45;0;0;0;0;0;0;0;0;0;0;0;0;0;0;0;0;0;0;0;0;0;0;0;0;0;0;0;49;5468;6301;7185;8036;8923;9784;10671;11539;12427;174335;45;98;0;374;10;1688;126;8222;1116;41768;49;69;85;113;139;141;164;187;195;211;4111;4.61;5012;5477;5893;5.8;6048;6304;6387;6532;169153;215767;1276;46614;91.72;45151;31976;21553;20459;15356;13312;10733;711;0.44;297;181;118;77;26862;16546;14319;9513;7398;5459;597;338;208;112;65;39;31976;21553;20459;15356;13312;10733;134102;5215;469.03;3976;4328;4331;4362;4448;4438
Indomethacin ;C19H15ClO4N;0.72000003;356.8;8.92;27.23;40.86;28.39;65.11;0.68;1.02;0.71;2.6;40;25;42;27;16;37;444;3;4;4;95;4;0;12;15;19;1;4;0;0;0;1;0;0;0;1;0;0;1;2;0;0;1;0;0;0;2;132;386605;158;364111;19;17224;1807;1992;241;54833;10;42;117786;113.92;219;5974;10644.827;5956;18276.444;23651;15279;1424;4747;47782;94143;1104.851;73857;2867;5159;5036;57609;2823;17053;21566;160319;10064;1076.352;1076.12;1389.892;1088.568;1457.47;1757;2317;2317;1822;2298;1738;2871;5972;35533;56038;110096;17371;6.81;3222;4732;894;587;345;191;119;1;476;228;9.12;1344;20784;78;898;92;42;1157;2649;0;0;53099;139867;0;0;99336;0;0;0;0;15;0;0;0;6;0;0;35;0;0;0;39;0;0;0;0;0;0;0;0;0;0;0;0;0;0;0;0;0;0;0;0;0;0;0;27;4.89;5759;6666;7566;8484;9398;10322;11244;12172;128501;25;54;0;210;10;984;140;5042;1368;27244;27;39;53;73;97;109;126;134;122;117;3638;4.29;4916;5565;6149;6503;6914;7256;7422;7685;93383;139357;1492;45975;50513;25264;18137;11918;11024;9123;7654;6.52;725;441;283;172;105;67;14485;8043;6194;4.55;3204;2299;579;298;159;86;44;24;18637;12207;11432;9411;7821;6734;78.03;3481;214034;3469;3865;3.92;3884;3907;3811
L_Alpha_acetyl_N_normethadol;C22H30O2N;0.80000001;340.53;6.19;32.69;54.07;34.96;52.42;0.59;0.98;0.64;2.1;55;25;56;26;13;33;462;2;2;9;161;1;0;12;30;22;1;2;0;0;0;0;0;0;0;0;0;0;0;2;0;0;0;0;0;0;2;122;260;143;267;14;16583;1796;1941;246;52.5;7;41;115485;103.68;192;5220;7729;4978;10615;23156;13755;1296;4.32;46932;95211;1156.667;39404;1874;3584;3976;57136;1824;7552;35561;230151;3140;1101.5;1101.612;1337.264;1102.397;1388.436;2404;2.81;2.81;2373;2808;2299;1892;4848;17554;58.68;94096;19365;8937;4363;6922;1076;558;334;204;131;1;322;162;6.48;941;18253;62;1042;76;43;1.6;2113;0;0;0;187812;0;0;0;0;0;0;0;12;0;0;0;0;0;0;0;0;0;0;0;0;0;0;0;0;0;0;0;0;0;0;0;0;0;0;0;0;0;0;0;0;0;0;26;4812;5659;6555;7449;8364;9276;10197;11116;12039;126469;25;52;0;192;0;886;0;4592;0;25582;26;35;47;64;81;76;74;62;44;24;3526;4007;4483;5019;5529;5.57;5.92;6127;6167;6064;67968;88589;1303;20621;49.76;25282;18286;12.04;10235;8138;6863;5985;731;463;292;173;107;74;15866;9324;6927;5174;3803;2907;635;359;198;0.11;59;36;18286;12.04;10235;8138;6863;5985;74192;3321;209196;3344;3649;3.78;3986;4165;4001
L_Alphacetylmethadol;C23H32O2N;0.94999999;354.56;6.11;34.28;56.95;36.72;54.08;0.59;0.98;0.63;2.08;58;26;59;27;13;34;444;2;2;9;153;1;0;12;32;23;1;2;0;0;0;0;0;0;0;0;0;0;0;2;0;0;0;0;0;0;2;128;266;150;274;15;16989;1763;1922;243;54.5;8;43;121762;110462;189;5766;8424;5495;11408;23929;15416;1436;4418;49189;101085;1290.333;42298;1973;3584;4488;60047;1988;8268;38.3;252662;3372;1226.125;1226.248;1499.432;1227.289;1560.337;2432;2829;2829;2374;2827;2296;1891;4915;18082;63773;100211;20352;9115;4618;7135;1077;568;335;194;125;1;337;170;6538;959;19195;66;1156;74;54;1598;2117;0;0;0;197324;0;0;0;0;0;0;0;12;0;0;0;0;0;0;0;0;0;0;0;0;0;0;0;0;0;0;0;0;0;0;0;0;0;0;0;0;0;0;0;0;0;0;27;4.86;5707;6603;7497;8.41;9323;10243;11163;12086;128892;26;54;0;202;0;936;0;4842;0;26834;27;37;49;65;84;82;80;68;48;28;3555;4043;4505;5026;5541;5.6;5949;6162;6209;6132;69627;89899;1291;20272;51593;26275;19156;12413;10942;8553;6909;6078;737;0.46;296;175;106;72;16736;9697;7635;5589;3853;3004;644;359;206;114;59;36;19156;12413;10942;8553;6909;6078;76614;3369;222106;3384;3.7;3825;4004;4.21;4111
Lamivudine ;C8H11SO3N3;0.23;229.29;8.82;16;26.9;17.07;40.33;0.62;1.03;0.66;2.69;26;15;27;16;3;19;0;2;2;2;74;3;0;0;11;8;3;3;0;1;0;0;0;0;0;0;0;0;1;1;0;0;0;0;0;0;0;76;232444;88;208333;11;10345;1837;1993;311;34.5;5;20;58131;49.2;276;1573;2913.778;1507;4795.333;15034;7607;369;3514;25681;43035;280867;15745;2438;3401;1026;29887;659;2797;11233;61848;1633;283107;283175;492573;295358;532558;1881;2439;2438;1412;2341;1309;2098;4442;22403;24987;58603;10792;4426;2273;3184;1027;578;0.34;179;0.09;0.8;212;103;6867;0.96;7973;35;213;37;11;985;2.2;0;0;38692;46741;0;0;0;0;0;0;4;35;15;0;0;0;0;0;14;8;0;0;0;0;0;0;0;0;0;0;0;0;0;0;0;0;0;0;0;0;0;0;0;0;0;0;16;4344;5176;6043;6895;7767;8625;9499;10359;11234;100941;15;32;0;120;10;536;98;2600;720;13192;16;22;28;35;38;39;33;29;26;15;2996;3401;3784;4143;4369;4489;4369;4431;4443;4205;50907;61541;1209;10634;30089;15365;10836;7203;6407;5262;4262;2884;722;0.45;291;188;122;76;8684;5479;4271;3154;2261;1313;579;342;194;113;65;35;11.19;7657;6984;5963;4921;3375;51093;2706;95885;3121;3495;3371;3242;3039;2607
Leucine_L;C6H13O2N;0.62;131.2;5.96;11.6;22.06;12.48;26.83;0.53;1;0.57;2.98;22;9;21;8;1;9;0;0;0;3;143;1;0;0;13;6;1;2;0;0;0;0;0;0;0;0;0;0;0;0;0;0;0;0;0;0;0;36;126;36;85;3;3989;1385;1558;501;20.5;3;8;27.36;21333;349;348;731;248;809;9029;6386;96;2667;11924;17967;96;-9821;2428;0;206;13533;96;206;13533;36;96;87857;87866;106959;87937;111203;3377;3643;3643;3082;3.64;2983;2719;3061;13076;23845;24529;8442;3464;3979;3249;1211;572;266;93;43;667;63;38;4222;691;3852;15;57;11;33;1436;1.53;0;0;0;0;0;0;0;0;0;0;0;6;0;0;0;0;0;0;0;0;0;0;0;0;0;0;0;0;0;0;0;0;0;0;0;0;0;0;0;0;0;0;0;0;0;0;8;3611;4.29;5069;5784;6555;7284;8.05;8785;9547;75975;9;16;0;56;0;220;0;912;0;3896;8;10;8;6;4;0;0;0;0;0;2303;2565;2398;2079;1946;0;0;0;0;0;19348;20291;1049;943;16328;9453;7439;4037;3851;1981;1016;544;827;505;385;248;169;136;6148;3.23;2835;1212;0.8;185;683;404;283;152;133;46;7439;4037;3851;1981;1016;544;25663;1868;34603;2286;2547;2392;2079;1845;0
Lidocaine ;C14H23ON2;0.91000003;235.39;5.88;22.78;39.31;24.46;36.33;0.57;0.98;0.61;2.14;40;17;40;17;7;21;353;1;1;5;125;1;0;6;23;14;2;1;0;0;0;0;0;0;0;0;0;0;0;1;0;0;0;0;0;0;1;78;168;87;168;8;10345;1672;1838;311;36;5;23;70758;65412;281;2189;3111;1987;3775;17164;10702;556;4088;27765;49396;508;0;3736;1792;1742;32658;798;3389;21306;102873;1219;459619;459657;622875;460947;667335;2399;2917;2917;2143;2908;1999;1568;4913;11457;34628;55487;13881;6528;3953;5331;1137;562;335;165;79;0.8;240;124;7294;1.1;10623;47;313;41;34;2085;2218;0;0;0;62915;0;0;0;0;0;0;3;3;0;0;0;0;0;0;0;0;0;0;0;0;0;0;0;0;0;0;0;0;0;0;0;0;0;0;0;0;0;0;0;0;0;0;17;4369;5165;5999;6815;7652;8476;9315;10144;10983;102918;17;34;0;122;0;526;0;2474;0;12174;17;22;26;29;30;23;22;20;14;10;3091;3.57;3966;4387;4764;4.58;4494;4609;4559;4202;51428;66.79;1299;15362;33065;17289;12836;8079;6808;5346;3967;2749;755;475;309;206;137;92;11339;6441;4702;3374;2042;1019;667;379;214;0.13;0.07;34;12836;8079;6808;5346;3967;2749;50071;2817;104205;2953;3214;3255;3135;3028;2639
Lopinavir;C37H48O5N4;0.73000002;628.89;6.69;56.69;93.48;60.05;104.5;0.6;0.99;0.64;2.27;94;46;97;49;21;61;367;4;4;15;155;3;0;18;48;37;4;5;0;0;0;0;0;0;0;0;0;0;0;4;0;0;0;0;0;0;3;230;564;263;542;26;32016;1865;2006;177;99;14;70;269058;353522;194;34166;52788;35377;83679;39907;26648;8131;7856;89531;213873;7566.5;415223;6212;7167;44468;110455;10657;74617;66702;813453;23347;7125.125;7125.894;9368.245;7139.336;9920.467;1.44;1631;1631;1252;1628;1185;2325;6824;56716;155.84;234084;35311;17393;10.49;13352;993;575;331;179;93;1;1373;653;14196;1943;57153;239;5268;246;66;679;3143;0;0;0;794182;0;0;0;0;0;0;31;117;0;0;0;0;0;0;78;0;0;0;0;0;0;0;0;0;0;0;0;0;0;0;0;0;0;0;0;0;0;0;0;0;0;0;49;5442;6267;7125;7965;8826;9671;10533;11382;12245;174456;46;98;0;362;0;1598;0;7658;0;38268;49;66;82;102;117;111;117;133;144;149;4127;4.61;5012;5428;5799;5632;5702;5935;6146;6306;146649;186199;1.27;39.55;92777;46148;33053;22117;19746;15545;12918;9638;719;451;299;0.19;127;82;27369;16211;12539;8412;6116;3934;595;331;0.19;103;0.06;34;33053;22117;19746;15545;12918;9638;137728;5205;469923;3.98;4298;4375;4389;4453;4.48
Lysine ;C6H15O2N2;0.34999999;147.23;5.89;12.9;25.1;13.87;29;0.52;1;0.55;2.9;25;10;24;9;1;10;0;0;0;5;208;1;0;0;15;6;2;2;0;0;0;0;0;0;0;0;0;0;0;0;0;0;0;0;0;0;0;38;128;38;87;2;4.97;1.5;1644;449;23;2;9;33.31;28.6;383;520;998;401;1140;10532;6509;143;3178;13227;20452;143;-13087;3237;0;368;15029;143;368;15029;45;143;132554;132564;159281;132688;165503;3.13;3333;3333;2866;3.33;2777;2718;3104;14559;28205;31219;9403;5208;4969;4897;1291;533;274;89;43;0.75;98;57;5.7;0.96;5.2;21;76;20;28;1922;1971;0;0;0;0;0;0;0;0;0;0;6;20;0;0;0;0;0;0;0;0;0;0;0;0;0;0;0;0;0;0;0;0;0;0;0;0;0;0;0;0;0;0;0;0;0;0;9;3664;4344;5069;5784;6515;7241;7974;8705;9439;77734;10;18;0;58;0;216;0;858;0;3528;9;10;9;6;5;4;2;0;0;0;2398;2565;2485;2079;1946;1792;1386;0;0;0;23449;24651;1051;1202;18489;10365;7983;4681;3717;2401;1.05;608;798;0.52;372;267;175;122;6692;3874;2701;1628;814;441;669;0.43;0.27;181;136;88;7983;4681;3717;2401;1.05;608;29881;2104;39067;2398;2.56;2494;2079;1946;1823
Mefloquine ;C17H17F6N2O;1.5700001;379.36;8.82;26.44;45.38;27.09;86.5;0.61;1.06;0.63;3.33;43;26;45;28;11;33.5;393;3;4;2;44;0;0;11;17;17;2;1;0;0;6;0;0;0;0;6;0;0;0;3;0;0;0;1;0;0;1;142;530;168;418;22;17394;1753;1952;0.24;63;11;45;122805;114692;0.2;6250;13090;6220;25445;24122;16427;1491;4588;50927;102044;1167.824;75172;2609;5347;4984;61.79;3227;20486;23076;163456;11091;1182.655;1177.512;1565.103;1186.872;1697.607;1.86;2368;2376;1.88;2361;1761;6169;5244;72349;92037;112702;18945;6718;3823;4895;895;611;336;171;103;1;434;209;8038;1121;18769;79;928;84;54;975;2411;0;0;0;200705;0;0;0;108.65;0;0;6;8;0;0;66;0;0;0;0;0;0;39;0;0;0;0;0;0;0;0;0;0;0;0;0;0;63;0;0;0;0;0;0;0;0;0;28;4963;5.82;6744;7632;8558;9459;10386;11295;12222;131.08;26;56;0;228;0;1112;0;5884;0;32626;28;43;54;71;97;113;134;132;139;125;3541;4167;4751;5.38;6.02;6426;6859;7143;7445;7437;98698;138978;1408;40.28;52235;26.27;19113;12087;12687;9189;7495;6422;735;432;295;0.17;106;66;13662;8349;6637;4882;3597;2.7;525;298;154;0.09;51;28;14113;9665;8734;7446;6279;5383;78464;3439;231879;3511;4066;4031;4058;4095;4147
Meropenem ;C17H25SN3O5;0.079999998;383.52;7.52;30.2;51.74;32.31;69.17;0.59;1.01;0.63;2.66;51;26;53;28;4;32;0;3;4;5;94;4;0;0;25;17;3;5;0;1;0;0;0;0;0;0;0;1;2;0;1;0;0;0;0;0;0;142;382444;175;333667;22;17055;1696;1927;242;58.5;13;43;125415;127077;228;6850;11714.778;6758;19069;24593;19335;1652;5083;49623;98538;1348.421;86797;3796;4554;6312;59844;2761;15640;29509;201167;11693;1301.071;1300.998;1750.755;1482.89;1716.764;1691;2173;2174;1622;1879;1675;3026;5319;47422;88586;118211;19526;7061;3158;5303;1056;608;369;201;109;1;515;248;9538;1385;22473;88;1016;92;92;1251;2657;0;53754;137241;0;93926;0;0;0;0;0;17;91;11;0;0;0;0;0;67;24;0;0;0;0;0;0;0;0;0;0;0;0;0;0;0;0;0;0;0;0;0;0;0;0;0;0;28;4963;5861;6801;7731;8.68;9624;10577;11528;12486;132252;26;56;0;236;20;1190;252;6588;2376;38646;28;43;61;84;103;120;129;131;130;142;3497;3989;4431;4.82;5106;5352;5476;5576;5533;5624;93419;101367;1085;7948;51804;26245;19334;12146;11958;9846;8284;6439;744;434;278;161;99;63;16255;9856;9065;7343;5989;4486;625;352;211;0.12;71;44;19688;12554;12.6;10657;9228;7482;81541;3.53;225991;3565;3987;4107;4126;3997;3755
Metaclopramide ;C14H23ClO2N3;0.40000001;300.85;7;24.98;43.06;26.78;47.11;0.58;1;0.62;2.36;43;20;43;20;7;24;0.3;1;1;7;163;1;0;6;23;14;3;2;0;0;0;1;0;0;0;1;0;0;0;1;0;0;0;0;0;0;1;92;223605;104;215111;9;12137;1667;1835;287;43833;6;29;89.62;90.2;0.28;3516;5274.938;3226;6783.556;20.07;13447;902;4747;33379;62269;818667;0;4383;1792;3275;39599;1214;5531;26699;148.52;1922;735652;735468;1031.013;745919;1100.054;2418;2967;2967;2.16;2932;2.03;1865;5146;21971;54963;82439;17079;8343;4826;7125;1098;561;346;164;82;833;341;176;8.8;1.34;15.82;64;524;62;51;2228;2528;0;0;0;75918;0;0;0;0;0;0;18;26;0;0;0;16;0;0;4;0;0;0;10;0;0;0;0;0;0;0;0;0;0;0;0;0;0;0;0;0;0;0;0;0;0;0;20;4533;5342;6.18;7015;7.86;8704;9554;10403;11256;110846;20;40;0;144;0;628;0;3000;0;15100;20;26;32;35;40;37;30;24;24;21;3219;3701;4178;4594;5057;5117;4.96;4575;4.62;4513;61578;79432;1.29;17854;38933;20246;15121;9528;7849;6577;4545;3346;756;476;302;206;0.13;84;13088;7319;5208;3884;2261;1224;654;366;0.2;121;65;31;15621;9816;8.22;6.98;4749;3646;63389;3095;131694;3217;3515;3673;3.53;3497;3184
Metformin ;C4H13N5;0.34;131.22;5.96;11.36;22.04;12.07;23.83;0.52;1;0.55;2.65;22;9;21;8;2;10;0;0;0;2;95;2;0;0;13;4;5;0;0;0;0;0;0;0;0;0;0;0;0;0;0;0;0;0;0;0;0;36;90;36;86;3;3989;1385;1558;501;20.5;3;8;27.36;21333;349;348;614;248;698;9029;6386;96;2667;11924;17967;96;-9821;2428;0;206;13533;96;206;13533;36;96;71143;71153;119442;71552;132.8;3377;4582;4582;2729;4556;2455;1568;1368;7153;10941;24529;8545;3548;4076;3369;985;572;266;93;43;667;63;38;4222;691;3852;15;57;11;33;1436;1.53;0;0;0;0;0;0;0;0;0;0;16;0;0;0;0;0;0;0;0;0;0;0;0;0;0;0;0;0;0;0;0;0;0;0;0;0;0;0;0;0;0;0;0;0;0;0;8;3611;4.29;5069;5784;6555;7284;8.05;8785;9547;75975;9;16;0;56;0;220;0;912;0;3896;8;10;8;6;4;0;0;0;0;0;2398;2773;2833;2833;2197;0;0;0;0;0;19348;22034;1139;2686;16328;9453;7439;4037;3851;1981;1016;544;827;505;385;248;169;136;5886;2626;2.03;908;321;149;654;328;203;113;54;37;7439;4037;3851;1981;1016;544;26238;1868;34603;2335;2578;2335;2133;1734;0
Methadone ;C21H28ON;0.82999998;310.5;6.09;30.58;49.86;32.74;47.25;0.6;0.98;0.64;2.05;51;23;52;24;13;31;0.5;2;2;7;135;1;0;12;28;21;1;1;0;0;0;0;0;0;0;0;0;0;0;2;0;0;0;0;0;0;2;114;220;135;234;14;15197;1781;1936;257;47.5;7;39;103208;90783;201;4242;5971;4052;7785;21.58;12782;1044;4126;42828;84199;917333;33911;2076;3584;3102;51825;1524;6294;30678;188417;2714;895393;895413;969155;895943;988602;2333;2704;2704;2536;2703;2497;1812;6184;14.48;53945;82042;17432;7566;3536;5735;1083;571;354;194;116;1;294;147;6391;0.93;15.27;55;823;62;35;1485;2119;0;0;0;169079;0;0;0;0;0;0;0;5;0;0;0;0;0;0;0;0;0;0;0;0;0;0;0;0;0;0;0;0;0;0;0;0;0;0;0;0;0;0;0;0;0;0;24;4745;5602;6494;7392;8.3;9212;10127;11043;11961;121876;23;48;0;180;0;846;0;4428;0;24698;24;33;45;57;71;66;62;52;36;20;3466;3.97;4494;5006;5509;5537;5872;6082;6006;5912;64691;86032;1.33;21.34;45728;23297;16872;11019;9517;8074;6126;5218;734;459;288;179;107;73;14751;8663;6.84;5097;3304;2.52;641;361;207;113;58;35;16872;11019;9517;8074;6126;5218;67435;3181;185569;3252;3555;3726;3832;3971;3765
Mezlocilline;C21H24S2N5O8;0.14;538.64;8.98;37.92;62.17;40.19;105.33;0.63;1.04;0.67;2.93;60;36;63;39;13;49;154;4;5;6;95;7;0;6;24;21;5;8;0;2;0;0;0;0;0;0;0;1;2;1;1;0;0;0;0;0;1;200;612889;243;491667;31;23986;1728;1947;204;82.5;17;61;194519;226167;207;17155;31305.889;17595;57590.556;32.48;26665;4071;6462;71.82;156987;3480.405;241972;5152;6346;19118;87917;6066;39245;45865;431307;24461;3264.934;3265.105;4949.748;3473.758;5191.876;1443;1772;1772;1184;1675;1126;4786;6269;84302;150894;176117;26579;9434;4795;6965;1047;614;0.36;196;98;875;900;426;11833;1741;35722;154;2598;144;126;898;2941;0;80521;219763;136398;145457;0;0;0;0;0;46;231;54;0;0;0;0;0;235;114;0;0;0;0;0;11;0;0;0;0;0;0;0;0;0;0;0;0;0;0;0;0;0;0;0;0;39;5303;6188;7132;8.04;8986;9906;10854;11782;12731;155923;36;78;0;330;20;1662;266;9074;2592;51938;39;61;82;111;128;147;151;157;178;195;3912;4472;4802;5237;5494;5574;5765;5866;5999;6198;123828;138788;1121;14.96;72052;36186;26577;16736;17287;13362;11856;8418;738;429;283;163;107;66;21137;13.61;12791;8944;6847;4539;587;349;0.21;109;62;35;27.18;18011;19449;14908;13608;9842;120001;4302;358393;4029;4415;4425;4504;4291;4245
Morphine ;C17H20O3N;0.63;286.38;6.98;25.21;40.98;26.6;44.92;0.61;1;0.65;2.14;41;21;45;25;7;29;0.24;5;24;0;0;1;0;6;20;17;1;3;0;0;0;0;0;0;0;0;0;0;1;4;0;1;3;3;3;1;1;132;260;173;287;27;16819;2049;2228;244;45.5;11;49;88228;67.81;182;3359;4983;3631;7676;19.22;9179;712;3.39;45181;82187;398413;60336;892;8442;1815;54159;3238;27065;4625;48.33;36235;605333;605401;753312;605992;785954;1652;1929;1929;1611;1927;1556;1918;4447;23573;35251;92239;12359;3763;1265;2214;961;619;398;238;149;1;289;126;6;667;9819;48;416;44;10;0.61;1936;0;0;18099;98815;0;32557;107483;125421;135163;51798;0;18;0;0;0;0;0;0;12;0;0;0;0;0;0;0;0;0;0;0;0;0;0;0;0;0;0;0;0;0;0;0;0;0;0;0;25;4.89;5849;6834;7818;8811;9802;10798;11791;12788;125382;21;50;0;214;10;1142;140;6854;1494;43970;25;41;66;104;158;207;264;323;364;387;3401;4016;4632;5236;5.82;6188;6583;6966;7256;7471;110687;137714;1244;27027;44729;21408;14353;10126;10036;9695;8996;8573;683;405;245;147;86;54;12.12;8011;7312;6523;5599;4875;577;0.32;178;99;54;31;14353;10126;10036;9695;8996;8573;63386;3101;204214;3326;3.81;4008;3905;3518;3142
Naloxone ;C19H22O4N;0.63999999;328.42;7.14;28.32;46.19;29.82;55.67;0.62;1;0.65;2.32;46;24;50;28;8;33;214;5;24;2;0.04;2;0;6;22;19;1;4;0;0;0;0;0;0;0;0;0;0;1;4;0;1;3;3;3;1;1;148;316;195;334;29;18493;1973;2161;233;52.5;12;58;106745;87.25;0.18;4757;7457;5028;11966;21797;11669;1047;3793;52101;99.43;635702;85116;1326;8442;2987;63105;4319;37235;8821;72322;49168;900446;900537;1122.854;901603;1174.225;1638;1884;1884;1.56;1882;1501;2214;5849;38247;55322;110039;14793;4554;1513;2807;954;0.61;398;0.24;149;1;393;174;7.25;1208;14479;61;630;80;19;1004;2434;0;0;22777;122437;0;39767;133516;153798;166226;63385;0;21;0;0;0;0;0;0;27;0;0;0;0;0;0;0;0;0;0;0;0;0;0;0;0;0;0;0;0;0;0;0;0;0;0;0;28;5004;5969;6963;7959;8964;9.97;10979;11989;12999;132797;24;56;0;240;10;1298;140;7984;1512;52846;28;46;75;118;179;237;307;391;451;479;3526;4119;4707;5293;5.87;6239;6618;7013;7297;7474;124.6;152684;1225;28084;50527;24359;16.69;11526;11.25;10877;10085;9507;695;412;245;145;85;53;13625;8907;7941;7171;6254;5328;568;318;173;96;53;0.03;16.69;11526;11.25;10877;10085;9507;72201;3275;244.46;3439;3938;4196;4145;3817;3544
Nicotine ;C10H15N2;0.93000001;163.27;6.05;15.87;26.45;16.96;22.17;0.59;0.98;0.63;1.85;27;12;28;13;6;16;462;2;2;1;36;0;0;6;15;10;2;0;0;0;0;0;0;0;0;0;0;0;1;1;0;0;0;0;0;0;0;60;108;69;116;9;8841;2;2089;336;25;3;14;41.34;31833;282;860;1170;834;1429;11984;3531;191;2894;19896;31017;142.3;9893;2049;3401;441;22776;393;1592;6454;34364;917;154.81;154817;187563;155126;196.2;1886;2318;2318;1937;2314;1859;0.64;1.15;3269;11073;43.02;7.75;3237;1513;2091;1102;564;334;184;82;1;124;59;4917;778;4833;23;106;18;2;597;1855;0;0;28853;33.68;0;0;0;0;0;0;4;0;0;0;0;0;0;0;0;0;0;0;0;0;0;0;0;0;0;0;0;0;0;0;0;0;0;0;0;0;0;0;0;0;0;0;13;4111;4934;5778;6619;7469;8315;9167;10015;10867;92275;12;26;0;94;10;410;98;1942;702;9606;13;17;22;27;26;21;20;16;10;6;2833;3277;3732;4176;4.54;4286;4469;4.44;4067;3726;41704;54331;1303;12626;24361;12457;8389;5877;4.97;4183;3437;2252;699;452;292;0.19;127;87;7533;4776;3801;2974;2236;1147;628;367;224;135;83;44;8389;5877;4.97;4183;3437;2252;36422;2473;69093;2697;2936;2751;2541;2269;1386
Oseltamivir ;C16H29O4N2;0.13;313.47;6.15;28.11;50.94;30.11;52.83;0.55;1;0.59;2.4;51;22;51;22;3;25;0;1;1;8;157;3;0;0;29;16;2;4;0;0;0;0;0;0;0;0;0;0;0;1;0;0;0;0;0;0;0;102;274;115;242;10;13235;1.65;1825;275;49;7;32;99.96;96364;239;4068;6572;3676;9181;21325;15351;1060;4589;37908;73758;937833;0;2.61;1792;3576;45493;1482;6455;30618;174116;2443;898822;899031;1346.071;900.58;1443.866;2795;3289;3288;2.23;3282;2085;1.99;4982;30395;80165;94107;18983;9159;5584;7903;1122;558;321;171;101;1;336;176;8;1273;18545;64;712;76;79;1882;2461;0;0;0;82605;0;0;0;0;0;0;3;34;0;0;0;0;0;0;31;0;0;0;0;0;0;0;0;0;0;0;0;0;0;0;0;0;0;0;0;0;0;0;0;0;0;0;22;4635;5442;6301;7144;8013;8873;9747;10615;11.49;116.26;22;44;0;160;0;698;0;3352;0;17074;22;29;35;43;53;55;59;50;34;19;3258;3611;3871;4143;4466;4585;4754;4682;4.19;3611;62.84;68923;1097;6083;42825;22259;16698;10421;8946;6.7;5223;4092;759;474;308;191;121;77;14348;8227;5859;4042;2829;1854;652;374;202;115;66;35;16698;10421;8946;6.7;5223;4092;66105;3159;157084;3238;3.55;3635;3656;3725;3484
Ouabain ;C29H44O12;0.07;584.73;6.88;48.29;86.37;51.2;108;0.57;1.02;0.6;2.63;85;41;90;46;2;48;0;6;12;4;44;2;0;0;44;29;0;12;0;0;0;0;0;0;0;0;0;0;2;4;0;0;1;2;0;0;0;244;586;314;526;43;28838;1796;2021;186;94;21;94;226.85;259122;186;23195;38850;24712;68702;35655;28375;5312;6478;90.72;204542;3585.439;358357;3781;10294;25934;112.69;13687;134813;26411;328999;180066;4905.5;4906.349;6374.535;4910.028;6668.161;1267;1359;1359;1076;1358;1034;2925;6397;105142;165986;219.66;30032;10005;4034;7329;969;625;405;218;111;1;1202;547;13341;2366;49807;182;3162;201;123;771;3.23;0;0;161659;344545;0;0;122491;252634;0;0;0;0;0;0;0;0;0;0;541;0;0;0;0;0;0;0;0;0;0;0;0;0;0;0;0;0;0;0;0;0;0;0;0;0;0;0;46;5501;6444;7.42;8384;9365;10339;11325;12305;13295;171377;41;92;0;396;20;2096;238;12364;2106;77662;46;76;116;165;217;276;350;444;547;636;3892;4407;4844;5215;5493;5737;5981;6236;6463;6.64;195439;204043;1044;8604;83751;41194;29698;19.22;19458;18.24;15821;12282;724;418;256;157;96;57;23503;14863;13828;12172;10088;7622;573;323;182;105;61;35;29698;19.22;19458;18.24;15821;12282;123032;4465;484.16;3951;4468;4705;4.72;4597;4478
PCB_52;C12H6Cl4;0.74000001;291.98;13.27;17.79;22.71;19.24;38.44;0.81;1.03;0.87;2.4;22;16;23;17;12;23;706;2;2;1;43;0;0;12;6;12;0;0;0;0;0;4;0;0;0;4;0;0;0;2;0;0;0;0;0;0;2;82;152.42;95;174444;12;10751;1778;1958;305;33333;6;24;62798;51.5;247;1746;2337.309;1669;2866.901;15687;8867;412;3433;28092;48371;313333;16499;2231;3584;1082;32981;820;3770;11.18;65672;1969;277176;276327;316;303412;304442;2024;2938;2945;2662;2744;2737;1075;1984;15186;23395;48;12052;4839;2653;3645;1058;591;339;179;113;0.75;188;92;5.75;813;7625;36;248;30;17;0.75;1906;0;0;0;95.52;0;0;0;0;0;0;0;0;0;0;0;0;0;0;0;0;0;0;0;0;0;0;0;0;0;0;0;0;0;0;0;0;0;0;0;0;34;0;0;0;0;0;17;4419;5252;6129;6989;7866;8735;9611;10483;11359;103843;16;34;0;130;0;598;0;3010;0;15884;17;24;30;38;49;40;35;34;28;18;3178;3829;4388;4961;5547;5602;5829;6157;6326;6306;55561;84263;1517;28702;32004;16369;11707;7575;7119;5.59;4346;3974;732;446;297;186;114;81;11;5994;4936;3276;2191;1854;687;353;206;109;58;38;13707;8.73;8677;6832;5335;5608;58154;2712;107766;3251;3704;3796;3702;4073;3692
Pentamidine;C19H26O2N4;0.039999999;342.49;6.72;30.57;50.78;32.31;56.5;0.6;1;0.63;2.26;51;25;52;26;14;34;462;2;2;10;192;2;0;12;26;19;4;2;0;0;0;0;0;0;0;0;0;0;0;2;0;0;0;0;0;0;2;118;286;130;292;12;16989;1852;1973;243;54;6;32;127892;169.6;345;8760;13796;8794;21494;25714;13829;2120;7067;42143;80567;1836.667;62569;7533;3584;11763;49.68;2648;16827;29035;239093;6582;1710.714;1711.098;2460.498;1713.073;2616.929;1394;1718;1717;1186;1715;1115;1356;2183;20927;47.84;80096;19275;10056;6758;7753;971;564;308;143;76;1;730;355;14.2;2208;27104;130;990;97;21;0.9;3204;0;0;0;202461;0;0;0;0;0;0;72;72;0;0;0;0;0;0;6;0;0;0;0;0;0;0;0;0;0;0;0;0;0;0;0;0;0;0;0;0;0;0;0;0;0;0;26;4779;5565;6375;7177;7991;8798;9614;10423;11.24;122962;25;52;0;184;0;772;0;3496;0;16492;26;33;38;41;48;47;42;33;32;32;3555;4043;4494;4911;5.39;5.43;5426;4906;4899;4921;90607;121716;1343;31109;50021;25162;18071;12059;10395;7893;5684;4251;723;464;315;208;139;89;14.54;8413;5857;3776;2291;1436;582;324;177;99;56;0.03;18071;12059;10395;7893;5684;4251;75323;3948;172272;3367;3621;3593;3356;3135;3135
Phenobarbitone;C12H12O3N2;0.51999998;232.26;8.01;18.51;29.6;19.18;47.42;0.64;1.02;0.66;2.79;29;17;30;18;9;24;333;2;2;2;67;3;0;6;12;12;2;3;0;0;0;0;0;0;0;0;0;0;0;2;0;0;0;0;0;0;1;88;270;107;254;13;11326;1774;1947;297;38;6;31;67443;53882;226;1922;3724;1822;6378;16388;9014;458;3368;30832;54404;352667;17509;1861;3584;1172;36544;864;3677;13756;78966;1899;372857;372884;451774;373392;471205;2204;2655;2655;2237;2652;2155;2.56;4976;28013;41448;59487;11648;4206;1696;2882;889;585;381;217;98;1;210;103;6059;789;8699;35;321;38;18;972;2064;0;0;0;105978;0;0;0;0;0;0;0;8;0;0;0;0;0;0;12;0;0;0;0;0;0;0;0;0;0;0;0;0;0;0;0;0;0;0;0;0;0;0;0;0;0;0;18;4489;5371;6282;7186;8106;9017;9.94;10854;11778;108023;17;36;0;140;0;690;0;3812;0;22296;18;26;37;47;50;47;38;32;20;16;3219;3726;4216;4724;4987;5042;5159;5263;4817;4937;55397;71487;1.29;16091;33914;17.38;12466;8108;7.18;6324;5658;3539;733;0.45;276;171;0.12;71;9319;5334;3862;3026;2064;1149;548;296;149;82;44;23;12466;8108;7.18;6324;5658;3539;51198;2709;121887;3028;3.42;3592;3604;3075;2564
Phenytoin;C15H12O2N2;0.51999998;252.29;8.14;21;31.28;21.73;46.92;0.68;1.01;0.7;2.47;31;19;33;21;14;29;571;3;3;2;61;2;0;12;12;15;2;2;0;0;0;0;0;0;0;0;0;0;1;2;0;0;0;0;0;0;2;102;274;124;280;16;14099;1983;2.1;266;41;6;32;78915;64947;215;2714;4796;2752;8196;18.2;6926;617;3608;35956;64899;469867;40846;1935;5193;1665;42733;1182;5346;13226;94223;3013;484786;484809;562319;485.32;582204;1849;2309;2309;2019;2307;1959;2389;5313;20272;32555;60711;11785;4.43;1783;2748;854;577;358;0.22;121;1;250;117;6158;831;10571;41;455;46;5;565;2076;0;0;48.54;117901;0;0;0;0;0;0;0;3;0;0;0;0;0;0;4;0;0;0;0;0;0;0;0;0;0;0;0;0;0;0;0;0;0;0;0;0;0;0;0;0;0;0;21;4635;5517;6435;7349;8279;9206;10139;11071;12006;114637;19;42;0;162;10;780;126;4178;1134;23792;21;30;43;60;71;66;68;60;44;28;3401;3951;4494;5077;5.56;5602;5983;6221;6222;6154;61595;83023;1348;21428;38935;19362;13295;9232;8228;7106;6463;5091;0.7;0.44;274;165;108;72;10.09;5.98;4.39;3282;2405;1565;531;285;146;76;0.04;22;13295;9232;8228;7106;6463;5091;57336;3013;149481;3.15;3527;3589;3.64;3545;3.06
Prednisolone ;C21H28O5;0.38;360.49;6.68;31.93;54.01;33.93;65.08;0.59;1;0.63;2.5;54;26;57;29;4;33;0;4;10;2;35;4;0;0;28;21;0;5;0;0;0;0;0;0;0;0;0;0;1;3;0;0;1;2;0;0;0;154;332;198;315;28;18087;1783;2005;235;57;13;59;121584;109615;196;6169;10127;6302;16704;23.87;16283;1425;4385;54439;107.41;939276;89.09;2111;6893;4757;66225;4677;38213;14079;110638;27609;1331;1331.064;1451.389;1331.341;1476.022;1677;1771;1771;1663;1771;1643;2812;5.35;47858;82933;122211;18095;5607;2178;3902;999;623;405;215;114;1;496;230;8846;1408;18296;80;770;84;52;1052;2705;0;0;37415;125669;0;0;61884;139176;0;0;0;0;0;0;0;0;0;0;68;0;0;0;0;0;0;0;0;0;0;0;0;0;0;0;0;0;0;0;0;0;0;0;0;0;0;0;29;5043;5984;6959;7923;8903;9874;10856;11.83;12813;135184;26;58;0;250;10;1336;140;7922;1404;49628;29;48;73;102;135;166;208;252;285;291;3526;4.06;4564;4927;5298;5537;5781;6045;6312;6441;116038;132534;1142;16496;52972;26294;18905;12171;12.32;11.54;9716;7819;727;0.42;257;158;95;58;15442;9661;9192;8253;6919;5226;594;333;191;113;68;39;18905;12171;12.32;11.54;9716;7819;75962;3364;254.43;3455;3957;4188;4118;3.9;3558
Propofol;C12H18O;0.50999999;178.3;5.75;17.89;30.28;19.31;27.67;0.58;0.98;0.62;2.13;31;13;31;13;6;16;462;1;1;2;65;0;0;6;18;12;0;1;0;0;0;0;0;0;0;0;0;0;0;1;0;0;0;0;0;0;1;62;122;71;130;8;7573;1592;1791;363;27;5;19;46348;36;265;929;1320;791;1478;12763;8.42;234;3;21042;34.6;195333;0;1856;1792;545;24.49;396;1368;12903;50943;611;193;193008;207447;193041;210403;2.6;3228;3228;3.04;3227;3006;1188;3.93;8667;22958;34106;10264;3927;2101;3.1;1.12;589;346;173;74;1;119;63;4846;805;5692;26;130;19;30;1.23;1854;0;0;0;42762;0;0;0;0;0;0;0;0;0;0;0;0;0;0;0;0;0;0;0;0;0;0;0;0;0;0;0;0;0;0;0;0;0;0;0;0;0;0;0;0;0;0;13;4143;4963;5826;6668;7533;8382;9247;10097;10962;93821;13;26;0;98;0;446;0;2226;0;11646;13;18;22;25;24;19;14;8;0;0;2833;3384;3907;4355;4727;4616;4577;3944;0;0;36097;45344;1256;9247;25089;13419;10008;6037;5606;4138;3313;1933;0.77;464;311;188;133;81;8834;4854;4094;2342;1512;847;0.68;373;227;106;0.06;35;10008;6037;5606;4138;3313;1933;36797;2312;74.02;2663;2979;3.06;2926;2197;1609
Pyridoxal ;C8H9O3N;0.37;167.18;7.96;12.92;21.62;13.41;36.17;0.62;1.03;0.64;3.01;21;12;21;12;7;16;0.5;1;1;2;95;1;0;6;9;8;1;3;0;0;0;0;0;0;0;0;0;0;0;1;0;0;0;0;0;0;0;56;198;65;167;7;7167;1636;1817;374;27.5;4;18;40.97;31;269;744;1636;626;2756;11748;7138;186;2818;19.08;30617;150667;0;1244;1792;409;22081;330;1105;10441;41151;506;136673;136693;177122;136868;185506;2.58;3561;3.56;2856;3556;2745;1823;3.46;20618;25561;43.02;8846;3433;1522;2531;0.86;567;373;0.19;86;1;106;56;4667;722;5167;22;108;20;21;1258;1784;0;0;0;38248;0;0;0;0;0;0;0;12;0;0;0;0;0;0;14;0;0;0;0;0;0;0;0;0;0;0;0;0;0;0;0;0;0;0;0;0;0;0;0;0;0;0;12;4043;4875;5727;6578;7433;8287;9143;9998;10853;90937;12;24;0;88;0;402;0;2032;0;10774;12;16;21;23;23;16;9;3;1;0;2833;3384;3966;4429;4819;4691;4437;3663;2784;0;34061;47007;1.38;12946;23261;12454;9138;5702;4654;4167;3017;2006;761;475;291;198;131;87;6612;3438;2407;1646;0.91;498;551;287;0.15;78;0.04;22;9138;5702;4654;4167;3017;2006;36657;2238;65.38;2662;2935;3101;2.88;2279;847
Pyridoxal_5_phosphate;C8H8PO6N;0.07;245.14;10.21;15.34;25.57;16.46;55.47;0.64;1.07;0.69;3.47;24;16;24;16;8;21;375;1;1;4;167;2;0;6;8;8;1;6;1;0;0;0;0;0;0;0;0;0;0;1;0;0;0;0;0;0;0;78;343309;87;183444;10;9246;1587;1782;329;38167;6;22;64059;55875;271;1752;4243.975;1550;8388.111;15963;11133;447;3725;26532;46304;389;0;2.97;1792;1283;31193;679;2673;18677;85361;1074;292585;291876;512073;337659;482993;2518;3784;3792;2265;3337;2371;5919;3656;35973;48963;59245;12666;4626;3305;3662;1035;595;313;147;79;1;196;103;6438;1063;9484;39;270;32;43;1656;2203;0;0;0;56.51;0;0;0;0;0;0;0;30;0;5;0;0;0;0;56;0;12;0;0;0;0;0;0;0;0;0;0;0;0;0;0;0;0;0;0;0;0;0;0;0;0;0;16;4369;5165;6043;6864;7739;8572;9445;10285;11155;101636;16;32;0;124;0;566;0;2788;0;14312;16;23;25;28;32;29;25;18;11;4;3091;3676;4056;4509;4955;4977;5007;4842;4652;3841;47218;63729;1.35;16511;30881;16324;12345;7348;7345;4908;3487;2595;772;459;319;196;125;81;9079;5.52;4024;2276;1333;889;567;345;175;91;48;28;12595;8275;8751;5355;3796;2963;56523;2619;98903;3335;3467;3.36;3295;3255;3196
Pyridoxine ;C8H11O3N;0.56;169.2;7.36;13.52;23.5;14.18;34.67;0.59;1.02;0.62;2.89;23;12;23;12;6;15;0.5;1;1;2;87;0;0;6;11;8;1;3;0;0;0;0;0;0;0;0;0;0;0;1;0;0;0;0;0;0;0;56;182;65;155;7;7167;1636;1817;374;27.5;4;18;40.97;31;269;744;1550;626;2499;11748;7138;186;2818;19.08;30617;150667;0;1244;1792;409;22081;330;1105;10441;41151;506;140798;140821;187869;141012;197607;2.58;3.48;3.48;2726;3475;2611;1787;3376;19743;24665;43.02;9.13;3627;1636;2759;896;567;373;0.19;86;1;106;56;4667;722;5167;22;108;20;21;1258;1784;0;0;0;38248;0;0;0;0;0;0;0;12;0;0;0;0;0;0;14;0;0;0;0;0;0;0;0;0;0;0;0;0;0;0;0;0;0;0;0;0;0;0;0;0;0;0;12;4043;4875;5727;6578;7433;8287;9143;9998;10853;90937;12;24;0;88;0;402;0;2032;0;10774;12;16;21;23;23;16;9;3;1;0;2773;3.35;3907;4336;4.73;4594;4163;3169;2151;0;34061;45172;1326;11112;23261;12454;9138;5702;4654;4167;3017;2006;761;475;291;198;131;87;6.78;3584;2512;1759;997;533;565;299;157;84;43;23;9138;5702;4654;4167;3017;2006;36657;2238;65.38;2662;2935;3101;2.88;2279;847
Pyrimethamine  ;C12H13ClN4;1;248.74;8.29;19.67;30.15;20.69;39.61;0.66;1;0.69;2.33;30;17;31;18;12;24;667;2;2;2;65;0;0;12;13;12;4;0;0;0;0;1;0;0;0;1;0;0;0;2;0;0;0;0;0;0;1;86;205605;100;231111;12;11444;1789;1.96;296;36333;6;26;68856;58588;0.25;2088;3326.716;1998;4811.556;16724;9482;498;3662;29955;52596;377;18717;2248;3584;1403;35296;928;4244;13009;78519;2252;362.79;362575;425304;370252;436385;2008;2759;2.76;2394;2718;2336;1461;1904;14857;22785;65487;11989;4798;2443;3383;945;579;342;193;108;0.8;241;118;6941;0.9;9446;40;316;45;18;972;2.19;0;0;0;105.02;0;0;0;0;0;0;8;0;0;0;0;30;0;0;0;0;0;0;0;0;0;0;0;0;0;0;0;0;0;0;0;0;0;0;0;0;0;0;0;0;0;0;18;4466;5303;6184;7043;7929;8796;9683;10552;11.44;106396;17;36;0;136;0;624;0;3152;0;16756;18;25;32;42;50;47;44;37;32;22;3219;3.85;4425;5017;5547;5725;5968;6193;6405;6477;58343;86759;1487;28415;34026;17344;12414;8113;7319;5.81;4986;3876;0.73;451;293;182;119;78;10.2;5671;4086;2749;1859;1254;0.6;315;163;86;44;25;12914;8402;7728;6099;5152;4.09;53.25;2813;116893;3089;3466;3483;3379;3162;2876
Riboflavine;C17H19PO9N4;0.69;454.37;9.09;31.25;52.4;32.89;96.14;0.62;1.05;0.66;3.1;50;31;52;33;11;41;182;3;6;7;135;5;0;6;19;17;4;9;1;0;0;0;0;0;0;0;0;0;0;3;0;0;0;2;0;0;1;166;591309;195;431444;24;20115;1699;1913;223;72667;14;53;158559;170065;211;10853;22442.753;10757;44866.111;28545;23001;2636;5669;60441;127408;2202.98;119632;4.59;5318;10979;73724;5706;44762;32409;249281;21720;2095.353;2093.973;3076.42;2195.436;3147.141;1743;2164;2165;1515;2087;1468;6197;5229;70948;104662;148825;23201;8579;5064;6.42;943;611;334;164;101;857;672;324;10452;1469;28.78;114;1738;130;108;1805;2719;0;0;0;207955;0;0;0;238272;0;0;13;251;0;37;0;0;0;0;220;0;37;0;0;0;0;0;0;0;0;0;0;0;0;0;0;0;0;0;0;0;0;0;0;0;0;0;33;5118;5969;6.88;7.76;8675;9569;10486;11.39;12.31;142157;31;66;0;266;0;1266;0;6562;0;35856;33;50;62;81;113;134;159;183;205;189;3738;4324;4764;5272;5.86;6229;6608;7;7316;7406;125455;173833;1386;48378;61867;31213;23085;14369;14.78;11088;8546;7449;745;435;296;179;106;66;17215;10377;8113;5228;3374;2441;555;314;162;84;42;22;23335;15296;16185;11536;8876;7856;101557;3862;286683;3855;4158;4188;4175;4221;4207
Rifabutin ;C46H63O11N4;0.37;848.13;6.84;73.24;124.57;77.48;147;0.59;1;0.62;2.41;124;61;129;66;15;78;91;6;11;19;147;9;0;6;63;46;4;11;0;0;0;0;0;0;0;0;0;0;2;3;0;0;2;1;0;0;1;334;842;408;832;48;40923;1743;1956;156;135;28;121;377376;492.82;153;63171;99075;65429;159284;48364;47406;15031;8214;133986;352.05;9552.579;653666;3364;11542;85980;169872;50455;757109;33549;595885;862393;12678.665;12680.354;16651.922;12697.675;17558.908;1337;1592;1592;1223;1.59;1162;3214;7713;116694;272835;355775;46666;18106;8889;13852;979;606;365;187;107;0.75;2059;973;15951;2309;65197;382;6760;368;338;992;3104;0;0;156591;309435;0;0;281189;153032;0;0;22;411;0;0;0;0;0;0;454;0;0;0;0;0;0;0;0;0;0;0;0;0;0;0;0;0;0;0;0;0;0;0;0;0;0;0;66;5814;6706;7637;8557;9498;10433;11383;12329;13285;212641;61;132;0;536;20;2604;266;13840;2574;77872;66;101;140;190;262;338;442;571;703;853;4369;4924;5448;5972;6.54;7004;7.46;7891;8277;8626;306512;413928;1.35;107417;122882;61142;44877;28645;27841;24063;19116;15.95;736;434;276;172;101;61;37251;21528;18401;13397;9709;6809;611;326;182;96;51;26;44877;28645;27841;24063;19116;15.95;181242;5543;800233;4297;4743;4935;4996;5094;5.12
Rifampicin ;C43H59O12N4;0.12;824.06;6.98;69.56;119.13;73.42;147.92;0.59;1.01;0.62;2.51;118;59;122;63;15;75;95;5;15;5;41;9;0;6;59;43;4;12;0;0;0;0;0;0;0;0;0;0;1;3;0;0;1;1;0;0;1;314;846;380;813;42;38843;1723;1932;0.16;132;26;115;362.4;470847;156;57893;94320;59507;156260;47.24;46.14;13890;8118;126.73;331325;9283.507;528947;3487;9969;78198;160.41;42996;597097;34672;606018;409467;11559.115;11560.796;15617.162;11578.136;16595.57;1479;1782;1782;1.34;1.78;1265;3.31;7686;119731;299393;341076;46226;18826;9405;14.75;959;602;368;185;104;0.75;1949;930;15763;2285;59553;374;5714;345;330;887;3102;0;0;81538;340761;0;0;148569;171466;0;0;24;486;0;0;0;0;0;0;548;0;0;0;0;0;0;0;0;0;0;0;0;0;0;0;0;0;0;0;0;0;0;0;0;0;0;0;63;5753;6635;7548;8456;9378;10299;11.23;12.16;13098;206556;59;126;0;502;10;2400;140;12558;1386;69566;63;94;129;167;222;268;320;386;465;535;4331;4871;5386;5882;6423;6845;7249;7635;8013;8.31;281002;393011;1399;112008;118077;59141;43.67;27731;26258;23037;17567;14408;0.74;0.44;279;179;105;65;35491;20137;16541;12188;8163;5471;602;0.32;176;94;49;25;43.67;27731;26258;23037;17567;14408;176723;5444;741523;4263;4678;4893;4942;5042;5059
Ritodrine ;C17H22O3N;0.1;288.4;6.71;25.81;42.86;27.36;50.33;0.6;1;0.64;2.4;43;21;44;22;12;28;545;2;2;6;136;0;0;12;22;17;1;3;0;0;0;0;0;0;0;0;0;0;0;2;0;0;0;0;0;0;2;102;242;114;233;12;14216;1826;1968;265;45.5;6;28;97559;106095;303;4664;7722;4662;12472;21433;11.42;1114;5305;35916;66212;958;38.71;5243;3584;4606;42309;1546;8158;22489;156092;3444;931857;931922;1130.948;933135;1180.813;1609;1905;1905;1587;1902;1522;1898;4268;21712;45577;84239;15.67;7339;4653;5476;997;577;322;147;83;1;468;226;10762;1605;17052;78;590;74;17;665;2892;0;0;0;160136;0;0;0;0;0;0;0;17;0;0;0;0;0;0;30;0;0;0;0;0;0;0;0;0;0;0;0;0;0;0;0;0;0;0;0;0;0;0;0;0;0;0;22;4635;5434;6.26;7074;7901;8.72;9547;10369;11195;114134;21;44;0;160;0;692;0;3216;0;15484;22;29;34;37;44;38;34;30;30;30;3367;3892;4337;4756;5246;5028;4892;4813;4862;5062;73739;102047;1384;28309;41941;21222;15242;10059;8913;7109;4885;3.88;726;457;307;209;132;88;12236;7309;5572;3835;2449;1615;583;332;192;113;66;37;15242;10059;8913;7109;4885;3.88;62537;3412;143199;3192;3481;3472;3192;3091;3049
Ritonavir ;C37H48S2N6O5;0.090000004;721.05;7.36;60.25;97.96;64.59;114.5;0.61;1;0.66;2.29;98;50;101;53;25;67;415;4;4;18;178;3;0;22;48;37;6;5;0;2;0;0;0;0;0;0;0;0;2;2;0;0;0;0;0;0;2;248;616889;280;575333;27;34501;1852;1994;0.17;108;15;69;302179;430.76;202;45118;68590.889;46699;106787.778;43078;30093;10769;8791;96166;234826;10180.534;515254;7346;6802;66714;118615;12783;91864;82241;1045.576;26481;9298.554;9299.426;12587.363;9394.254;13376.363;1387;1592;1591;1187;1577;1119;2382;6867;61554;173607;270193;39551;19972;13119;15798;1051;576;322;164;85;1;1775;845;16.9;2464;74381;287;7188;342;86;744;3469;0;0;391.79;448244;0;0;0;0;0;0;126;214;114;0;0;0;0;0;72;103;0;0;0;0;0;19;0;0;0;0;0;0;0;0;0;0;0;0;0;0;0;0;0;0;0;0;53;5517;6.33;7177;8005;8854;9688;10537;11376;12226;182.71;50;106;0;390;20;1672;182;7670;1242;36516;53;71;85;102;113;114;122;137;141;152;4.22;4705;5104;5523;5746;5663;5803;6041;6116;6.31;158601;200552;1265;41951;100364;50131;36045;23977;21617;16647;12982;9473;721;452;304;196;127;84;30877;18568;14902;10077;6718;4138;618;0.35;0.21;119;66;37;36752;24886;22778;18074;14232;10.21;158956;5595;512584;4172;4501;4449;4459;4616;4638
Ropivacaine ;C17H27ON2;0.75;275.46;5.86;26.97;46.08;28.98;40.17;0.57;0.98;0.62;2.01;47;20;48;21;7;25;286;2;2;4;83;1;0;6;27;17;2;1;0;0;0;0;0;0;0;0;0;0;0;2;0;0;0;0;0;0;1;98;188;113;195;12;13523;1818;1966;272;42;6;30;87829;82.2;251;3408;4554;3317;5665;19684;10606;822;4326;35239;65156;704167;29842;3638;3584;2681;41825;1460;7882;18972;115849;3376;699.03;699.08;908.54;700835;964635;1925;2267;2266;1729;2.26;1627;1467;5625;13517;38268;76439;15212;7007;3691;5.33;1143;566;341;188;98;1;323;158;7.9;1.13;12.82;58;484;58;19;1113;2.39;0;0;0;135513;0;0;0;0;0;0;3;3;0;0;0;0;0;0;0;0;0;0;0;0;0;0;0;0;0;0;0;0;0;0;0;0;0;0;0;0;0;0;0;0;0;0;21;4595;5425;6282;7132;7994;8849;9713;10.57;11434;112993;20;42;0;154;0;690;0;3402;0;17562;21;28;36;44;50;44;42;41;40;35;3258;3726;4155;4568;4936;4836;4794;4954;5082;5008;73027;93899;1286;20872;40003;20.28;14535;9.63;8259;6783;5534;4163;727;459;295;188;126;83;13038;8002;6196;4635;3497;2387;652;381;221;129;79;48;14535;9.63;8259;6783;5534;4163;59342;3138;142833;3143;3436;3519;3418;3.32;3157
Rosiglitazone ;C18H18SO3N3;0.2;356.46;8.29;28.09;43.49;29.74;59.5;0.65;1.01;0.69;2.38;43;25;45;27;14;35;444;3;3;7;156;2;0;12;18;18;3;3;0;1;0;0;0;0;0;0;0;0;1;2;0;0;0;0;0;0;1;126;368444;143;341667;16;18087;1948;2062;235;54.5;7;33;124899;150.64;303;8116;13951.111;8466;24307.333;25161;11388;1883;6277;44495;85072;1547.867;103471;5911;5193;9223;52.65;2664;16576;24.09;211421;9413;1440.691;1440.895;2096.854;1499.067;2202.563;1274;1658;1657;1142;1597;1088;2063;4535;25282;45898;112096;17623;8259;4894;5822;973;574;325;168;86;1;668;313;12.52;2138;26266;113;941;94;10;553;3049;0;0;82.32;189109;0;0;0;0;0;0;24;66;22;0;0;0;0;0;21;10;0;0;0;0;0;0;0;0;0;0;0;0;0;0;0;0;0;0;0;0;0;0;0;0;0;0;27;4844;5659;6503;7331;8175;9009;9852;10689;11533;125595;25;54;0;198;10;858;112;3990;864;19244;27;36;44;53;59;52;57;60;64;66;3584;4078;4.5;4942;5367;5202;5413;5616;5851;6019;100351;139885;1394;39533;50828;25191;17648;12114;10743;8613;6852;5115;706;449;298;196;129;87;14.57;8758;6722;4685;3174;1928;583;324;187;106;0.06;33;18002;12522;11471;9333;7621;5677;80352;3907;188309;3521;3885;3732;3539;3503;3395
Salbutamol ;C13H22O3N;0.40000001;240.36;6.16;21.81;38.86;23.36;42.58;0.56;1;0.6;2.5;39;17;39;17;6;20;353;1;1;5;128;0;0;6;22;13;1;3;0;0;0;0;0;0;0;0;0;0;0;1;0;0;0;0;0;0;1;82;190;90;168;10;9.94;1606;1794;317;37.5;6;22;70861;65882;286;2197;3560;1979;4842;17169;11817;560;4118;28041;49662;492667;0;3575;1792;1788;32979;768;3064;21478;104876;1225;470667;470711;593628;471382;623477;2393;2865;2865;2.33;2861;2229;1.93;4;21514;49356;64732;14127;5602;4.44;4655;1048;592;302;134;79;0.8;238;124;7294;1253;11287;47;321;38;44;1855;2257;0;0;0;61878;0;0;0;0;0;0;0;17;0;0;0;0;0;0;16;0;0;0;0;0;0;0;0;0;0;0;0;0;0;0;0;0;0;0;0;0;0;0;0;0;0;0;17;4419;5198;6061;6868;7727;8544;9401;10224;11078;103521;17;34;0;130;0;580;0;2762;0;13624;17;24;25;27;33;30;24;20;19;10;3045;3.57;3937;4342;4822;4808;4709;4444;4427;4202;49703;62089;1249;12386;32858;17288;13052;7832;7795;5082;3434;2806;768;461;325;203;127;85;10772;5.94;5661;2826;1676;1.17;634;349;236;113;62;35;13052;7832;7795;5082;3434;2806;49278;2.77;105474;2962;3308;3.26;3096;3044;2865
Saquinavir ;C38H51O5N6;0.050000001;671.95;6.72;59.97;99.63;63.44;114.25;0.6;1;0.63;2.33;100;49;104;53;21;65.5;321;5;7;13;125;4;0;17;51;38;6;5;0;0;0;0;0;0;0;0;0;0;0;5;0;0;0;2;0;0;2;256;596;295;578;33;34501;1867;2022;0.17;106;17;77;291199;388245;189;40607;61783;42739;97275;41856;29421;9512;8088;98509;238427;8440.505;575301;6497;8902;54001;121965;15760;143253;61256;763534;67971;8306.094;8306.679;10725.951;8326.4;11374.3;1277;1453;1453;1125;1.45;1061;2626;6836;69734;170574;266366;36601;16354;10178;12216;999;587;319;174;101;0.9;1578;737;15041;2127;62.24;260;6284;301;91;1055;3252;0;0;0;840.45;0;0;0;551721;0;0;103;181;0;0;0;0;0;0;76;0;0;0;0;0;0;0;0;0;0;0;0;0;0;0;0;0;0;0;0;0;0;0;0;0;0;0;53;5549;6382;7265;8118;9002;9865;10.75;11619;12505;183054;49;106;0;406;0;1846;0;9094;0;46836;53;75;92;120;155;165;189;217;240;234;4197;4.71;5.13;5619;6123;6284;6606;6892;7205;7.03;196215;262557;1338;66342;99502;49145;35131;23357;22348;16671;14111;11667;717;441;298;181;118;75;28861;17654;15075;10126;7765;6064;589;333;201;0.11;65;39;35131;23357;22348;16671;14111;11667;145499;5369;532756;4055;4423;4462;4493;4587;4635
S_Ketoprofen;C16H13O3;0.38999999;253.29;7.92;21.42;32.23;22.31;50.67;0.67;1.01;0.7;2.67;32;19;33;20;14;28;0.6;2;2;4;121;2;0;12;13;16;0;3;0;0;0;0;0;0;0;0;0;0;0;2;0;0;0;0;0;0;2;94;292;108;261;12;12.83;1.81;1965;279;41;6;28;81983;76211;261;3018;5696;2936;9980;18869;10249;724;4234;33277;60.35;596;26553;3343;3584;2349;39338;1188;5733;18.59;111267;2784;574333;574356;617673;574456;626541;1885;2368;2368;2243;2367;2.22;2815;5228;25875;42694;74711;13039;5493;2888;3.77;898;578;0.34;164;85;1;304;149;7842;1235;12327;54;422;49;19;1144;2484;0;0;0;128564;0;0;0;0;0;0;0;0;0;0;0;0;0;0;14;0;0;0;0;0;0;0;0;0;0;0;0;0;0;0;0;0;0;0;0;0;0;0;0;0;0;0;20;4554;5.38;6229;7074;7928;8.78;9637;10491;11349;110421;19;40;0;148;0;664;0;3220;0;16240;20;27;34;39;46;43;46;42;36;32;3367;3912;4443;4929;5.43;5483;5839;5968;6124;6326;65021;94874;1459;29853;37956;19289;13828;9092;8047;6687;4811;3715;728;455;298;197;123;81;10468;5984;4346;3025;1836;1.2;551;299;161;89;47;26;13828;9092;8047;6687;4811;3715;56285;3061;132478;3091;3405;3455;3.32;3232;3044
SR49059_relcovaptan;C28H27Cl2O7N3S;0.31;620.55;9.13;44.83;69.81;47.46;107.22;0.66;1.03;0.7;2.62;68;41;72;45;22;58;0.4;5;6;7;97;4;0;18;27;28;3;7;0;1;0;2;0;0;0;2;0;0;2;3;0;0;1;0;0;0;3;228;599654;284;535222;35;28.55;1809;2006;187;91167;18;82;222183;230683;158;20014;33182.988;20611;55930.346;34.81;26498;4729;5767;88862;206573;3809.177;308;3022;8.56;19136;111119;9978;78486;41057;416831;54117;3432.402;3431.286;5036.573;3836.372;5015.942;1601;2199;2.2;1514;1957;1528;5505;7489;88496;147602;217.66;29792;11188;4814;8.13;986;599;377;213;121;857;906;425;10366;1448;39904;148;3390;200;110;903;2692;0;0;185463;346713;0;0;169425;0;0;0;12;108;11;0;0;42;0;0;134;24;0;0;111;0;0;0;0;0;12;0;0;0;0;0;0;0;0;0;0;0;7;0;0;0;0;0;45;5434;6344;7292;8235;9196;10154;11123;12091;13065;168933;41;90;0;366;20;1824;252;10030;2430;58400;45;69;101;145;197;243;304;358;397;439;4078;4714;5274;5838;6.4;6704;7108;7429;7747;8078;157706;218859;1388;61152;83191;41215;29.69;19.46;18504;16265;14197;11784;724;432;268;161;98;0.06;24411;14797;12378;9871;7759;5761;595;329;179;98;54;29;30.94;20826;20565;18156;16136;13914;137186;4344;478786;4129;4.53;4737;4915;4984;5044
Stavudine;C10H12O4N2;0.23999999;224.24;8.01;17.02;28.93;17.64;45.17;0.61;1.03;0.63;2.82;28;16;29;17;4;21;0;2;2;2;69;4;0;0;12;10;2;4;0;0;0;0;0;0;0;0;0;0;1;1;0;0;0;0;0;0;0;82;272;96;241;12;10751;1778;1958;305;37;6;23;63.54;54125;264;1824;3637;1738;6480;15886;9086;433;3608;27851;47736;331767;17.47;2443;3401;1222;32613;763;3265;12826;71571;1896;341107;341194;561785;342263;613723;1936;2446;2446;1496;2438;1.37;2191;4505;26789;32358;64;11169;4273;2.13;2983;862;587;353;176;95;0.8;227;111;6938;953;8891;38;258;42;18;1;2227;0;0;41692;50608;0;0;0;0;0;0;0;20;0;0;0;0;0;0;33;0;0;0;0;0;0;0;0;0;0;0;0;0;0;0;0;0;0;0;0;0;0;0;0;0;0;0;17;4419;5263;6138;7004;7882;8755;9634;10509;11389;103991;16;34;0;130;10;592;98;2930;720;15194;17;24;31;38;44;44;39;35;30;19;3091;3526;3912;4248;4511;4663;4654;4654;4663;4248;53327;64033;1201;10706;31931;16352;11707;7613;6915;5854;4418;3298;732;448;288;189;116;75;8713;4883;3611;2405;1526;934;545;287;0.15;78;0.04;21;11707;7613;6915;5854;4418;3298;49304;2748;106589;3.02;3392;3365;3205;2938;2658
Sufentanil ;C22H31SN2O2;0.66000003;387.62;6.68;34.77;57.25;37.61;54.25;0.6;0.99;0.65;2.01;58;27;60;29;12;35.5;379;3;3;8;133;1;0;11;31;22;2;2;0;1;0;0;0;0;0;0;0;0;1;2;0;0;0;0;0;0;1;136;276444;159;268667;17;19356;1.94;2048;227;57;7;41;132795;140222;233;8030;11133.778;8208;15433;25811;11419;1893;5393;50551;101883;1545;95896;3727;5193;7661;60948;2665;13861;31144;256181;7851;1607.893;1608.01;2142.076;1638.198;2259.751;1624;1894;1894;1426;1864;1351;1.49;5919;17397;52678;120382;20347;9699;4912;7309;1133;0.56;0.34;197;105;857;582;276;10222;1621;26.23;94;1248;110;18;1085;2732;0;0;92871;200681;0;0;0;0;0;0;4;14;12;0;0;0;0;0;5;19;0;0;0;0;0;0;0;0;0;0;0;0;0;0;0;0;0;0;0;0;0;0;0;0;0;0;29;4.92;5765;6645;7517;8.41;9293;10193;11081;11984;131808;27;58;0;214;10;970;84;4870;522;25988;29;39;52;68;79;79;85;88;80;80;3597;4056;4501;4961;5185;5169;5404;5604;5.48;5575;93249;117807;1263;24558;54751;27227;19115;13182;11093;9429;7875;6012;708;455;284;181;116;76;17341;10957;8669;6805;5148;3749;642;378;222;131;76;47;19468;13636;11703;10064;8439;6.29;86507;3798;227105;3565;3866;3851;3954;4022;3844
Sulindac ;C20H16SO3F;0.47;355.43;8.67;27.82;41.58;29.42;66.72;0.68;1.01;0.72;2.67;41;25;43;27;16;37;444;3;4;4;93;4;0;12;16;20;0;3;0;1;1;0;0;0;0;1;0;0;1;2;0;0;1;0;0;0;2;132;392444;156;334333;19;17224;1807;1992;241;54.5;10;40;119387;121.36;237;6372;11604.111;6380;20385.333;23.96;15661;1517;5057;47.13;92194;1172.264;78363;3.48;5159;5806;56591;2909;18269;21512;164289;11060;1105.958;1105.104;1258.99;1161.468;1251.111;1638;2.22;2221;2017;2136;2031;2861;5.64;36549;61376;110096;17321;6778;3473;4696;1029;592;334;181;112;1;500;239;9.56;1462;21974;84;934;93;42;1157;2649;0;0;54247;142116;0;0;101932;0;0;0;0;0;0;0;0;0;0;0;24;22;0;26;0;0;0;0;0;11;0;0;0;0;0;0;0;0;0;0;0;0;0;0;0;0;0;0;27;4.89;5746;6645;7532;8439;9339;10251;11159;12074;128076;25;54;0;210;10;972;140;4898;1350;25964;27;39;51;69;91;100;112;121;122;119;3638;4263;4832;5435;6028;6374;6813;7.21;7592;7.9;95548;142588;1492;47.04;50533;25246;18137;11863;11323;8851;7368;6349;725;439;0.29;174;107;0.07;14623;9263;7286;5228;3562;2499;585;343;187;103;52;27;17556;12213;11547;9147;7577;6401;81217;3552;209007;3559;3842;3847;3757;3793;3631
Sulindac SULFIDE;C20H16SFO2;0.81;339.43;8.49;27.3;40.25;28.97;60.33;0.68;1.01;0.72;2.51;40;24;42;26;15;35;462;3;4;4;95;3;0;12;16;20;0;2;0;1;1;0;0;0;0;1;0;0;1;2;0;0;1;0;0;0;2;126;356444;149;330333;18;16819;1846;2015;244;51.5;9;38;112596;111667;236;5658;9807.444;5677;16193.333;23084;13825;1340;4855;45047;87091;1034.707;71937;3247;5159;4920;53973;2651;16425;19409;146704;9833;998167;997.36;1116.937;1035.883;1120.685;1654;2199;2201;2027;2139;2025;2829;5.63;27851;49543;104039;16543;6665;3323;4594;1011;583;335;186;117;1;477;227;9458;1413;20556;77;832;98;31;1152;2657;0;0;50845;133835;0;0;95666;0;0;0;0;0;0;0;0;0;0;0;0;22;0;14;0;0;0;0;0;11;0;0;0;0;0;0;0;0;0;0;0;0;0;0;0;0;0;0;26;4844;5.7;6597;7485;8391;9293;10206;11115;12031;125664;24;52;0;200;10;922;140;4640;1350;24602;26;37;49;67;89;96;108;117;114;109;3584;4205;4783;5395;5995;6315;6748;7.17;7507;7795;92598;139078;1502;46.48;48696;24258;17267;11.49;10593;8561;7153;6261;719;442;286;175;107;0.07;14215;8763;6536;4.94;3395;2415;592;337;177;101;51;27;16751;11654;10452;8711;7254;6269;76.54;3491;197667;3453;3783;3788;3693;3763;3595
Theophylline ;C7H8O2N4;0.80000001;180.19;8.58;13.19;21.83;13.45;36.17;0.63;1.04;0.64;2.78;21;13;22;14;4;18;0;2;3;0;0;4;0;0;8;7;4;2;0;0;0;0;0;0;0;0;0;0;1;1;0;0;1;0;0;0;0;70;231;86;226;12;8671;1733;1948;0.34;30;6;22;45065;32462;236;922;1859;849;3102;12404;7224;211;2705;22894;36833;148.69;9571;979;3367;444;26.6;562;2437;6462;32134;1268;161.5;161524;255378;162213;280303;2185;2.83;2.83;1831;2818;1674;2037;4441;19764;20535;48106;8257;2568;971;1631;814;608;396;198;89;0.25;122;59;4538;497;5041;26;84;13;17;808;996;0;0;22521;26992;0;0;41667;0;0;0;10;20;0;0;0;0;0;0;4;0;0;0;0;0;0;0;0;0;0;0;0;0;0;0;0;0;0;0;0;0;0;0;0;0;0;0;14;4263;5153;6057;6961;7867;8774;9681;10587;11494;97837;13;28;0;112;10;544;98;2912;756;16448;14;21;30;37;40;39;30;24;12;3;2944;3466;4007;4407;4605;4727;4543;4304;3.85;2565;43877;52419;1195;8542;25929;13495;9585;6126;5695;5464;4.06;2704;737;438;271;182;0.11;68;7313;3801;2888;2106;1344;706;563;271;138;0.07;36;18;9585;6126;5695;5464;4.06;2704;40062;2355;84028;2852;3255;3.33;3051;1999;0
Thiopental ;C11H18SN2O2;0.94999999;242.38;7.13;19.88;34;21.66;40.75;0.58;1;0.64;2.55;34;16;34;16;3;19;0;1;1;4;118;3;0;0;18;11;2;2;0;1;0;0;0;0;0;0;0;0;0;1;0;0;0;0;0;0;0;78;192444;94;183667;10;9246;1587;1782;329;35;6;29;62145;49.75;237;1546;2470.444;1334;3112.333;15496;10693;398;3317;27486;48427;342;0;1968;1792;1005;32594;616;2172;19.04;85.17;936;354777;354793;423447;359407;437355;2903;3218;3218;2709;3184;2623;2.21;5025;22657;51042;58;13429;5129;2245;4305;1137;0.58;385;213;84;1;182;96;6;0.75;8.5;32;284;42;43;1656;2022;0;0;0;55344;0;0;0;0;0;0;0;8;0;0;0;0;0;0;4;8;0;0;0;0;0;0;0;0;0;0;0;0;0;0;0;0;0;0;0;0;0;0;0;0;0;0;16;4369;5242;6151;7047;7964;8867;9786;10692;11611;103728;16;32;0;124;0;608;0;3364;0;19732;16;23;32;38;34;32;16;12;4;2;2996;3401;3761;4094;3.85;4025;3135;3045;1946;1609;44329;47863;1.08;3534;30847;16377;12345;7484;6534;5598;4946;2324;772;468;284;175;0.13;68;10.74;6063;4.66;3589;2546;1189;671;379;203;112;67;35;12845;7773;6943;5834;5.3;2544;49765;2502;104697;2996;3424;3611;3.68;2909;2773
Ticarcillin  ;C15H14S2N2O6;0.039999999;382.45;9.81;25.82;40.62;27.6;75.08;0.66;1.04;0.71;3;39;25;41;27;9;33.5;185;3;4;5;122;4;0;5;14;15;2;6;0;2;0;0;0;0;0;0;0;1;2;0;1;0;0;0;0;0;0;138;444889;169;360667;22;16531;1714;1937;246;57;12;40;118821;117.92;229;6196;11788.222;6189;21533.556;23765;17387;1474;4913;47638;93336;1234;82.49;3936;4554;5439;57317;2362;12639;29603;195711;8219;1209.809;1209.866;1670.528;1281.949;1731.354;1673;2.02;2.02;1.47;1903;1422;3.23;5361;56019;87807;110096;18214;6294;2935;4585;1.02;609;365;0.21;97;833;466;223;8.92;1296;19.03;85;823;66;69;1003;2483;0;50983;140651;0;92287;0;0;0;0;0;3;48;16;0;0;0;0;0;93;76;0;0;0;0;0;8;0;0;0;0;0;0;0;0;0;0;0;0;0;0;0;0;0;0;0;0;27;4934;5826;6777;7694;8649;9579;10537;11476;12436;129909;25;54;0;230;20;1170;238;6510;2196;38194;27;42;58;81;88;103;104;99;106;108;3541;4065;4459;4949;5008;5211;5359;5171;5316;5515;88.02;102303;1162;14283;49787;25252;18516;11648;11806;9139;8.57;5579;741;431;281;158;106;63;14827;9183;8895;6592;5402;3.51;593;0.34;212;114;67;0.04;19223;12528;13097;10.44;10183;6971;83067;3462;213838;3625;4074;3998;4227;4008;3558
Triamterene;C12H11N7;0.85000002;253.3;8.44;20.15;30.48;20.56;45.67;0.67;1.02;0.69;2.4;30;19;32;21;17;29.5;0.81;3;4;1;31;0;0;17;11;12;7;0;0;0;0;0;0;0;0;0;0;0;0;3;0;0;0;1;0;0;1;102;284;121;320;16;13929;1932;2081;268;41.5;7;31;80508;70526;0.24;2955;5237;3025;9093;18.55;8716;670;3918;35393;63363;460305;40015;2318;5347;2025;41863;1596;9224;8934;75655;5774;455524;455554;595162;456736;633467;1677;2485;2485;1909;2478;1796;1619;1903;19198;22737;76711;11625;4335;2023;2652;795;587;344;195;0.11;1;307;142;7474;1291;11551;52;352;46;10;644;2505;0;0;0;136.29;0;0;0;72401;0;0;62;0;0;0;0;0;0;0;0;0;0;0;0;0;0;0;0;0;0;0;0;0;0;0;0;0;0;0;0;0;0;0;0;0;0;0;21;4635;5493;6385;7263;8162;9047;9949;10837;11.74;113.51;19;42;0;162;0;762;0;3946;0;21502;21;30;40;54;70;75;77;87;83;73;3418;4111;4764;5426;6067;6427;6841;7316;7675;7844;76525;124.68;1629;48155;38981;19327;13405;9148;8488;7021;6176;4928;706;436;283;176;114;0.07;9908;5566;3963;2.65;1807;1174;521;265;132;66;33;17;13405;9148;8488;7021;6176;4928;57386;3078;145267;3171;3.55;3587;3471;3.24;3072
Trovafloxacin;C20H15F3N4O3;0.19;416.39;9.25;30.03;47.11;30.53;88.67;0.67;1.05;0.68;2.96;45;30;49;34;15;43;353;5;7;3;61;3;0;12;15;20;4;3;0;0;3;0;0;0;0;3;1;0;1;4;0;0;0;1;0;0;1;174;584;217;526;30;22024;1875;2084;213;69.5;15;53;149877;151067;199;10066;19324;10746;38155;27505;18633;2266;5209;61364;126144;1613.767;175441;2774;7986;8655;74537;4821;33241;21063;211.38;37368;1709.881;1707.04;2466.521;1717.064;2679.959;1377;1828;1.83;1289;1.82;1193;3469;6835;70653;90782;139207;18956;6.48;2965;4095;831;613;364;192;108;857;665;301;10033;1307;26596;103;1442;126;51;817;2681;45121;0;68052;313577;0;0;0;124173;0;0;22;84;0;0;78;0;0;0;8;0;0;67;0;0;0;0;0;0;0;0;0;0;0;0;0;0;22;0;0;0;0;0;0;0;0;0;34;5165;6075;7013;7943;8885;9822;10767;11708;12654;144031;30;68;6;280;70;1400;560;7720;4038;44948;34;53;74;101;138;170;205;241;295;324;3784;4419;4994;5.54;6118;6514;6948;7351;7.77;8018;127143;172061;1353;44918;61521;30246;21317;14257;14084;12141;10264;8393;711;419;266;164;102;61;15703;9421;7868;6023;4165;2899;523;277;148;81;41;21;18706;13042;12384;10936;9169;7624;91681;3941;298425;3.67;4.08;4173;4204;4157;4169
Urea;CH4ON2;0.31999999;60.07;7.51;4.1;8.41;4.23;16.67;0.51;1.05;0.53;4.17;8;4;7;3;1;4;0;0;0;0;0;1;0;0;4;1;2;1;0;0;0;0;0;0;0;0;0;0;0;0;0;0;0;0;0;0;0;12;70;9;48;1;1099;1.2;1316;954;10;1;0;5927;4.5;456;36;142;15;138;2894;2039;9;1.5;3.75;4.5;9;-2249;1;0;12;4;9;12;4;6;9;6268;6.27;11565;6303;12.9;2324;3.36;3359;1812;3342;1624;2.5;2;5;1.12;6;3597;982;0;884;781;0.5;0;0;0;1;9;7;1.75;375;0.75;3;6;2;10;811;811;0;0;0;0;0;0;0;0;0;0;0;0;0;0;0;0;0;0;0;0;0;0;0;0;0;0;0;0;0;0;0;0;0;0;0;0;0;0;0;0;0;0;0;0;0;0;3;2565;2944;3611;4007;4691;5094;5784;6188;6.88;48765;4;6;0;18;0;54;0;162;0;486;3;3;0;0;0;0;0;0;0;0;1609;1792;0;0;0;0;0;0;0;0;6773;7401;1093;629;6732;4975;3577;1732;1732;0;0;0;894;577;577;0;0;0;2063;781;402;0;0;0;516;0.26;134;0;0;0;3577;1732;1732;0;0;0;11547;1225;7348;1.54;1699;0;0;0;0
Valproic_acid ;C8H15O2;0.94999999;143.23;5.73;13.51;24.78;14.62;27;0.54;0.99;0.58;2.7;25;10;24;9;1;10;0;0;0;5;208;1;0;0;15;8;0;2;0;0;0;0;0;0;0;0;0;0;0;0;0;0;0;0;0;0;0;38;128;39;88;2;4.97;1.5;1644;449;22;2;10;32404;26.2;0.34;472;902;353;996;10223;6444;131;2911;13441;20.95;131;-11988;2.02;0;300;15348;131;300;15348;45;131;123125;123134;139377;123171;142703;3.5;3696;3696;3323;3695;3258;2552;3368;13473;30026;25219;9481;5.28;4035;5006;1304;517;293;151;69;1;79;47;4.7;0.76;4.96;17;92;18;30;1846;1846;0;0;0;0;0;0;0;0;0;0;0;0;0;0;0;0;0;0;0;0;0;0;0;0;0;0;0;0;0;0;0;0;0;0;0;0;0;0;0;0;0;0;0;0;0;0;9;3664;4369;5.13;5872;6635;7387;8148;8904;9664;78773;10;18;0;58;0;222;0;930;0;4078;9;10;10;9;6;1;0;0;0;0;2398;2565;2565;2485;2197;693;0;0;0;0;22.04;22903;1039;863;18501;10411;7983;4719;3581;2262;1553;955;798;524;358;226;173;159;6692;3912;2578;1595;1068;516;669;435;258;0.16;119;86;7983;4719;3581;2262;1553;955;29467;2048;40361;2367;2521;2512;2427;2.12;693
Vinblastine;C46H60O9N4;0.31;813.1;6.83;71.32;119.09;75.43;131.25;0.6;1;0.63;2.22;119;59;127;67;18;79;179;9;28;10;79;6;0;12;60;46;4;9;0;0;0;0;0;0;0;0;0;0;3;5;0;0;6;1;2;2;2;350;769;453;795;60;43342;1888;2085;152;129;28;140;351801;395186;0.13;51118;76600;55090;122773;45.85;36898;11658;6814;143328;371159;8000.489;883619;3557;15665;55265;183446;38374;512326;38245;556439;2235593;10150.799;10151.62;11995.938;10159.238;12406.88;1222;1401;1401;1216;1.4;1181;3535;8333;93751;181157;347076;40938;14315;5433;9933;977;603;391;236;144;1;1640;741;12559;1597;58325;271;7327;281;190;1121;2936;0;0;223214;507918;0;0;878287;173406;378166;384.89;43;264;0;0;0;0;0;0;275;0;0;0;0;0;0;0;0;0;0;0;0;0;0;0;0;0;0;0;0;0;0;0;0;0;0;0;67;5861;6.81;7801;8782;9786;10.78;11.79;12791;13805;214206;59;134;0;566;30;2966;406;17350;4122;108574;67;108;170;268;396;546;750;1000;1289;1644;4382;4984;5591;6199;6767;7225;7723;8179;8.56;8983;327723;443333;1353;115.61;122354;59183;41863;28221;27036;25289;23309;21073;0.71;421;0.25;149;87;53;35638;21826;19028;16613;14664;12128;604;326;176;98;55;31;41863;28221;27036;25289;23309;21073;178437;5174;887696;4306;4.78;5051;5.26;5355;5325
Zalcitabine ;C9H13O3N3;0.22;211.25;7.54;16.51;28.71;17.19;40;0.59;1.03;0.61;2.67;28;15;29;16;3;19;0;2;2;2;69;3;0;0;13;9;3;3;0;0;0;0;0;0;0;0;0;0;1;1;0;0;0;0;0;0;0;76;236;88;215;11;10345;1837;1993;311;34.5;5;20;58131;49.2;276;1573;2984;1507;5062;15034;7607;369;3514;25681;43035;280867;15745;2438;3401;1026;29887;659;2797;11233;61848;1633;295607;295685;494194;296778;540.42;1881;2341;2.34;1407;2331;1288;2085;4451;22566;25758;58603;10453;4204;2132;2.93;903;578;0.34;179;0.09;0.8;212;103;6867;0.96;7973;35;213;37;11;985;2.2;0;0;38692;46741;0;0;0;0;0;0;4;35;0;0;0;0;0;0;14;0;0;0;0;0;0;0;0;0;0;0;0;0;0;0;0;0;0;0;0;0;0;0;0;0;0;0;16;4344;5176;6043;6895;7767;8625;9499;10359;11234;100941;15;32;0;120;10;536;98;2600;720;13192;16;22;28;35;38;39;33;29;26;15;2996;3401;3784;4143;4369;4489;4369;4431;4443;4205;50907;61541;1209;10634;30089;15365;10836;7203;6407;5262;4262;2884;722;0.45;291;188;122;76;8166;4814;3515;2451;1671;956;544;301;0.16;88;48;25;10836;7203;6407;5262;4262;2884;46552;2706;95885;2962;3.31;3216;3102;2711;2475
ZIDOVUDINE;C10H13O4N5;0.28;267.28;8.35;19.41;33.35;19.89;56;0.61;1.04;0.62;2.95;32;19;33;20;5;25;0;2;2;3;91;5;0;0;13;10;5;4;0;0;0;0;0;0;0;0;0;0;1;1;0;0;0;0;0;0;0;96;344;113;294;13;12542;1754;1935;282;44.5;7;29;81314;73789;251;2877;6084;2735;11682;18653;11652;701;4099;33713;61236;554467;24703;2692;3401;2197;39948;1154;5224;18147;108059;2971;557388;557498;882997;559297;966285;1981;2456;2456;1562;2448;1431;2265;4.7;34101;49617;80711;13686;5491;2659;3955;858;576;352;0.19;106;1;297;147;7737;1147;13147;52;414;55;31;1296;2439;0;0;52402;63208;0;0;0;0;0;0;36;95;0;0;0;0;0;0;33;0;0;0;0;0;0;0;0;0;0;0;0;0;0;0;0;0;0;0;0;0;0;0;0;0;0;0;20;4575;5425;6308;7185;8074;8958;9.85;10737;11.63;111741;19;40;0;152;10;694;112;3464;918;18140;20;28;37;47;56;59;57;55;51;37;3258;3689;4025;4369;4635;4796;4796;4934;5017;4905;62367;74755;1199;12388;37.84;19304;13991;9062;8016;6757;5377;4126;736;453;286;183;114;74;10198;5719;4314;3059;2054;1282;537;286;154;83;44;23;13991;9062;8016;6757;5377;4126;59408;2991;136195;3194;3544;3592;3.52;3333;3161
DIHYDROXYVITAMIN D3;C27H44O3;0.25999999;416.71;5.63;41.69;72.42;45.11;62.17;0.56;0.98;0.61;2.07;74;30;76;32;3;35;0;3;4;6;79;3;0;0;44;27;0;3;0;0;0;0;0;0;0;0;0;0;1;2;0;0;1;0;0;0;0;160;266;188;267;23;19879;1748;1.94;224;63;12;49;154841;178467;243;11099;14991;11121;19988;28398;20595;2677;6154;57043;117414;2259.77;126677;5168;5159;12495;68984;4753;35237;31833;257841;19531;2441.75;2441.806;2546.489;2442.047;2567.919;1559;1712;1712;1662;1712;1652;1948;4127;29285;88669;145207;23.76;9305;5.49;7.37;1142;605;336;0.17;83;875;724;350;11667;2267;33564;127;1544;124;70;1.49;2906;0;0;68486;184198;0;0;128214;0;0;0;0;0;0;0;0;0;0;0;34;0;0;0;0;0;0;0;0;0;0;0;0;0;0;0;0;0;0;0;0;0;0;0;0;0;0;0;32;5081;5932;6845;7717;8634;9.52;10.44;11334;12257;139761;30;64;0;256;10;1216;126;6312;1170;34484;32;48;60;77;88;97;105;120;126;140;3584;4043;4369;4691;4963;5252;5501;5771;5971;6172;124526;149741;1202;25214;60013;30197;22104;14.01;14129;10644;8771;6224;737;438;294;177;114;71;19661;12183;11346;8437;6737;4528;655;381;236;141;87;51;22104;14.01;14129;10644;8771;6224;85713;3949;263462;3526;3938;3951;3859;3.62;3697
HYDROXYVITAMIN D3;C27H44O2;0.02;400.71;5.49;41.18;71.09;44.66;56.25;0.56;0.97;0.61;1.94;73;29;75;31;3;34;0;3;4;6;0.08;3;0;0;44;27;0;2;0;0;0;0;0;0;0;0;0;0;1;2;0;0;1;0;0;0;0;152;234;180;243;21;19592;1785;1965;226;60;11;48;147791;167.31;244;10081;12756;10110;15709;27.58;18.81;2426;5975;54.82;111847;2034.092;117.83;4927;5159;11011;66189;4381;31921;29254;235.95;17901;2209;2209.035;2276.417;2209.191;2290.212;1563;1721;1721;1684;1721;1677;1928;4127;22956;75485;138881;22.82;9.52;5076;7491;1178;593;344;177;87;875;695;335;11552;2226;31446;119;1401;130;55;1.5;2922;0;0;65204;176282;0;0;122154;0;0;0;0;0;0;0;0;0;0;0;4;0;0;0;0;0;0;0;0;0;0;0;0;0;0;0;0;0;0;0;0;0;0;0;0;0;0;0;31;5.03;5889;6.79;7672;8582;9477;10394;11296;12217;137348;29;62;0;242;10;1136;126;5890;1170;32352;31;45;59;76;87;95;103;116;122;134;3555;3989;4357;4682;4956;5242;5493;5759;5961;6157;121131;146.48;1209;25349;58243;29204;21181;13719;13001;10499;8665;6179;0.73;443;289;178;114;71;19291;12169;10966;8.43;6728;4539;665;393;244;143;89;52;21181;13719;13001;10499;8665;6179;83469;3903;251068;3486;3857;3925;3831;3583;3629